{
	"credit": "Made with Blockbench",
	"texture_size": [64, 32],
	"textures": {
		"0": "minecraft:entity/minecart",
		"particle": "minecraft:entity/minecart"
	},
	"elements": [
		{
			"from": [-4.5, -4.5, -4.5],
			"to": [20.5, 5.5, 20.5],
			"rotation": {"angle": 0, "axis": "y", "origin": [-8, -8, -8]},
			"faces": {
				"north": {"uv": [0, 11.5, 0.5, 14], "rotation": 270, "texture": "#0"},
				"east": {"uv": [8, 5, 9.25, 6], "texture": "#0"},
				"south": {"uv": [5.5, 6, 6, 8.5], "rotation": 90, "texture": "#0"},
				"west": {"uv": [1.75, 5, 3, 6], "texture": "#0"},
				"up": {"uv": [9.75, 8.5, 8.5, 6], "rotation": 90, "texture": "#0"},
				"down": {"uv": [3, 11.5, 1.75, 14], "rotation": 90, "texture": "#0"}
			}
		},
		{
			"from": [-4.5, 5.5, -4.5],
			"to": [5.5, 20.5, 20.5],
			"rotation": {"angle": 0, "axis": "y", "origin": [3.5, 13.5, 13.5]},
			"faces": {
				"north": {"uv": [4.5, 3.5, 5, 5], "texture": "#0"},
				"east": {"uv": [2.5, 3.5, 3.75, 5], "texture": "#0"},
				"south": {"uv": [0, 3.5, 0.5, 5], "texture": "#0"},
				"west": {"uv": [5.75, 3.5, 7, 5], "texture": "#0"},
				"up": {"uv": [2.5, 0, 3.75, 1], "rotation": 270, "texture": "#0"},
				"down": {"uv": [4.5, 0, 7, 1], "texture": "#0"}
			}
		}
	],
	"display": {
		"head": {
			"translation": [0, -55, 0],
			"scale": [4, 4, 4]
		}
	}
}