{
	"credit": "Made with Blockbench",
	"texture_size": [64, 32],
	"textures": {
		"0": "minecraft:entity/sheep/sheep",
		"particle": "minecraft:entity/sheep/sheep"
	},
	"elements": [
		{
			"from": [-2, -9.5, -2],
			"to": [18, 25.5, 18],
			"rotation": {"angle": 0, "axis": "y", "origin": [-8, -8, -8]},
			"faces": {
				"north": {"uv": [1, 12.5, 2, 16], "texture": "#0"},
				"east": {"uv": [0, 12.5, 1, 16], "texture": "#0"},
				"south": {"uv": [3, 12.5, 4, 16], "texture": "#0"},
				"west": {"uv": [2, 12.5, 3, 16], "texture": "#0"},
				"up": {"uv": [0, 12, 1, 14], "texture": "#0"},
				"down": {"uv": [2, 8, 3, 10], "texture": "#0"}
			}
		}
	],
	"display": {
		"head": {
			"translation": [0, -5.25, 0],
			"scale": [3.875, 3.875, 3.875]
		}
	}
}