{
	"credit": "Made with Blockbench",
	"texture_size": [64, 32],
	"textures": {
		"0": "minecraft:entity/minecart",
		"particle": "minecraft:entity/minecart"
	},
	"elements": [
		{
			"from": [-4.5, -4.5, 10.5],
			"to": [20.5, 20.5, 20.5],
			"rotation": {"angle": 0, "axis": "y", "origin": [3.5, 13.5, 18.5]},
			"faces": {
				"north": {"uv": [3.25, 1, 4.5, 3.5], "texture": "#0"},
				"east": {"uv": [0, 1, 0.5, 3.5], "texture": "#0"},
				"south": {"uv": [5, 1, 6.25, 3.5], "texture": "#0"},
				"west": {"uv": [4.5, 1, 5, 3.5], "texture": "#0"},
				"up": {"uv": [3.25, 0, 4.5, 1], "rotation": 180, "texture": "#0"},
				"down": {"uv": [3.25, 0, 4.5, 1], "texture": "#0"}
			}
		},
		{
			"from": [-4.5, -4.5, -4.5],
			"to": [5.5, 20.5, 10.5],
			"rotation": {"angle": 0, "axis": "y", "origin": [3.5, 13.5, 3.5]},
			"faces": {
				"north": {"uv": [4.5, 1, 5, 3.5], "texture": "#0"},
				"east": {"uv": [0.5, 1, 1.25, 3.5], "texture": "#0"},
				"south": {"uv": [0, 1, 0.5, 3.5], "texture": "#0"},
				"west": {"uv": [8.25, 1, 9, 3.5], "texture": "#0"},
				"up": {"uv": [0.5, 0, 1.25, 1], "rotation": 270, "texture": "#0"},
				"down": {"uv": [0.5, 0, 1.25, 1], "rotation": 270, "texture": "#0"}
			}
		}
	],
	"display": {
		"head": {
			"translation": [0, -55, 0],
			"scale": [4, 4, 4]
		}
	}
}