{
	"credit": "Made with Blockbench",
	"texture_size": [64, 32],
	"textures": {
		"0": "minecraft:entity/minecart",
		"particle": "minecraft:entity/minecart"
	},
	"elements": [
		{
			"from": [-7, -4.5, -4.5],
			"to": [23, 5.5, 20.5],
			"rotation": {"angle": 0, "axis": "y", "origin": [-8, -8, -8]},
			"faces": {
				"north": {"uv": [0, 8.5, 0.5, 11.5], "rotation": 270, "texture": "#0"},
				"east": {"uv": [6.75, 5, 8, 6], "texture": "#0"},
				"south": {"uv": [5.5, 8.5, 6, 11.5], "rotation": 90, "texture": "#0"},
				"west": {"uv": [3, 5, 4.25, 6], "texture": "#0"},
				"up": {"uv": [8.5, 11.5, 7.25, 8.5], "rotation": 90, "texture": "#0"},
				"down": {"uv": [4.25, 8.5, 3, 11.5], "rotation": 90, "texture": "#0"}
			}
		}
	],
	"display": {
		"head": {
			"translation": [0, -55, 0],
			"scale": [4, 4, 4]
		}
	}
}