{
	"credit": "Made with Blockbench",
	"texture_size": [64, 32],
	"textures": {
		"0": "minecraft:entity/minecart",
		"particle": "minecraft:entity/minecart"
	},
	"elements": [
		{
			"from": [-4.5, -4.5, -4.5],
			"to": [20.5, 5.5, 20.5],
			"rotation": {"angle": 0, "axis": "y", "origin": [-8, -8, -8]},
			"faces": {
				"north": {"uv": [0, 6, 0.5, 8.5], "rotation": 270, "texture": "#0"},
				"east": {"uv": [9.25, 5, 10.5, 6], "texture": "#0"},
				"south": {"uv": [5.5, 6, 6, 8.5], "rotation": 90, "texture": "#0"},
				"west": {"uv": [0.5, 5, 1.75, 6], "texture": "#0"},
				"up": {"uv": [11, 14, 9.75, 11.5], "rotation": 90, "texture": "#0"},
				"down": {"uv": [1.75, 6, 0.5, 8.5], "rotation": 90, "texture": "#0"}
			}
		},
		{
			"from": [-4.5, 5.5, -4.5],
			"to": [20.5, 20.5, 5.5],
			"rotation": {"angle": 0, "axis": "y", "origin": [3.5, 13.5, 3.5]},
			"faces": {
				"north": {"uv": [5, 3.5, 6.25, 5], "texture": "#0"},
				"east": {"uv": [4.5, 3.5, 5, 5], "texture": "#0"},
				"south": {"uv": [3.25, 3.5, 4.5, 5], "texture": "#0"},
				"west": {"uv": [0, 3.5, 0.5, 5], "texture": "#0"},
				"up": {"uv": [3.25, 0, 4.5, 1], "texture": "#0"},
				"down": {"uv": [4.5, 0, 5.75, 1], "texture": "#0"}
			}
		},
		{
			"from": [10.5, 5.5, 5.5],
			"to": [20.5, 20.5, 20.5],
			"rotation": {"angle": 0, "axis": "y", "origin": [18.5, 13.5, 13.5]},
			"faces": {
				"north": {"uv": [0, 3.5, 0.5, 5], "texture": "#0"},
				"east": {"uv": [8.25, 3.5, 9, 5], "texture": "#0"},
				"south": {"uv": [4.5, 3.5, 5, 5], "texture": "#0"},
				"west": {"uv": [0.5, 3.5, 1.25, 5], "texture": "#0"},
				"up": {"uv": [0.5, 0, 1.25, 1], "rotation": 90, "texture": "#0"},
				"down": {"uv": [4.5, 0, 7, 1], "texture": "#0"}
			}
		}
	],
	"display": {
		"head": {
			"translation": [0, -55, 0],
			"scale": [4, 4, 4]
		}
	}
}