{
    "parent": "minecraft:item/generated",
    "textures": {
      "layer0": "minecraft:item/minecart"
    },
    "overrides": [
      {
        "predicate": {
          "custom_model_data": 271801
        },
        "model": "sky:entity/minecart"
      },
	  {
        "predicate": {
          "custom_model_data": 271802
        },
        "model": "sky:entity/damaged_minecart"
      },
	  {
        "predicate": {
          "custom_model_data": 271810
        },
        "model": "sky:entity/mega_skylinerw/minecart_000"
      },
	  {
        "predicate": {
          "custom_model_data": 271811
        },
        "model": "sky:entity/mega_skylinerw/minecart_100"
      },
	  {
        "predicate": {
          "custom_model_data": 271812
        },
        "model": "sky:entity/mega_skylinerw/minecart_200"
      },
	  {
        "predicate": {
          "custom_model_data": 271813
        },
        "model": "sky:entity/mega_skylinerw/minecart_010"
      },
	  {
        "predicate": {
          "custom_model_data": 271814
        },
        "model": "sky:entity/mega_skylinerw/minecart_110"
      },
	  {
        "predicate": {
          "custom_model_data": 271815
        },
        "model": "sky:entity/mega_skylinerw/minecart_210"
      },
	  {
        "predicate": {
          "custom_model_data": 271816
        },
        "model": "sky:entity/mega_skylinerw/minecart_001"
      },
	  {
        "predicate": {
          "custom_model_data": 271817
        },
        "model": "sky:entity/mega_skylinerw/minecart_101"
      },
	  {
        "predicate": {
          "custom_model_data": 271818
        },
        "model": "sky:entity/mega_skylinerw/minecart_201"
      },
	  {
        "predicate": {
          "custom_model_data": 271819
        },
        "model": "sky:entity/mega_skylinerw/minecart_011"
      },
	  {
        "predicate": {
          "custom_model_data": 271821
        },
        "model": "sky:entity/mega_skylinerw/minecart_211"
      },
	  {
        "predicate": {
          "custom_model_data": 271822
        },
        "model": "sky:entity/mega_skylinerw/minecart_002"
      },
	  {
        "predicate": {
          "custom_model_data": 271823
        },
        "model": "sky:entity/mega_skylinerw/minecart_102"
      },
	  {
        "predicate": {
          "custom_model_data": 271824
        },
        "model": "sky:entity/mega_skylinerw/minecart_202"
      },
	  {
        "predicate": {
          "custom_model_data": 271825
        },
        "model": "sky:entity/mega_skylinerw/minecart_012"
      },
	  {
        "predicate": {
          "custom_model_data": 271827
        },
        "model": "sky:entity/mega_skylinerw/minecart_212"
      },
	  {
        "predicate": {
          "custom_model_data": 271828
        },
        "model": "sky:entity/mega_skylinerw/minecart_003"
      },
	  {
        "predicate": {
          "custom_model_data": 271829
        },
        "model": "sky:entity/mega_skylinerw/minecart_103"
      },
	  {
        "predicate": {
          "custom_model_data": 271830
        },
        "model": "sky:entity/mega_skylinerw/minecart_203"
      },
	  {
        "predicate": {
          "custom_model_data": 271831
        },
        "model": "sky:entity/mega_skylinerw/minecart_013"
      },
	  {
        "predicate": {
          "custom_model_data": 271832
        },
        "model": "sky:entity/mega_skylinerw/minecart_113"
      },
	  {
        "predicate": {
          "custom_model_data": 271833
        },
        "model": "sky:entity/mega_skylinerw/minecart_213"
      }
    ]
}