{
	"credit": "Made with Blockbench",
	"textures": {
		"5": "tank:entity/tank/green",
		"particle": "tank:entity/tank/green"
	},
	"elements": [
		{
			"from": [1, 0, -6],
			"to": [15, 4, -2],
			"faces": {
				"north": {"uv": [0.75, 7, 1, 7.875], "rotation": 90, "texture": "#5"},
				"east": {"uv": [0.5, 6.75, 0.75, 7], "rotation": 90, "texture": "#5"},
				"south": {"uv": [0.25, 7, 0.5, 7.875], "rotation": 270, "texture": "#5"},
				"west": {"uv": [0.25, 6.75, 0.5, 7], "rotation": 270, "texture": "#5"},
				"up": {"uv": [0.5, 7, 0.75, 7.875], "rotation": 270, "texture": "#5"},
				"down": {"uv": [0, 7, 0.25, 7.875], "rotation": 270, "texture": "#5"}
			}
		},
		{
			"from": [6, 0, -2],
			"to": [10, 4, 8],
			"faces": {
				"north": {"uv": [0.5, 7.875, 0.75, 8.125], "texture": "#5"},
				"east": {"uv": [0.5, 8.125, 0.75, 8.75], "rotation": 90, "texture": "#5"},
				"south": {"uv": [0.25, 7.875, 0.5, 8.125], "texture": "#5"},
				"west": {"uv": [0, 8.125, 0.25, 8.75], "rotation": 270, "texture": "#5"},
				"up": {"uv": [0.25, 8.125, 0.5, 8.75], "texture": "#5"},
				"down": {"uv": [0.75, 8.125, 1, 8.75], "texture": "#5"}
			}
		},
		{
			"from": [7, 1, 6],
			"to": [9, 3, 26],
			"faces": {
				"north": {"uv": [1.25, 6, 1.375, 6.125], "texture": "#5"},
				"east": {"uv": [1.25, 6.125, 1.375, 7.375], "rotation": 90, "texture": "#5"},
				"south": {"uv": [1.125, 6, 1.25, 6.125], "texture": "#5"},
				"west": {"uv": [1, 6.125, 1.125, 7.375], "rotation": 270, "texture": "#5"},
				"up": {"uv": [1.125, 6.125, 1.25, 7.375], "texture": "#5"},
				"down": {"uv": [1.375, 6.125, 1.5, 7.375], "texture": "#5"}
			}
		},
		{
			"from": [9, 0, 26],
			"to": [10, 4, 32],
			"faces": {
				"north": {"uv": [2.5, 6.375, 2.5625, 6.625], "texture": "#5"},
				"east": {"uv": [2.125, 6.375, 2.5, 6.625], "texture": "#5"},
				"south": {"uv": [2.0625, 6.375, 2.125, 6.625], "texture": "#5"},
				"west": {"uv": [1.5, 6.375, 1.875, 6.625], "texture": "#5"},
				"up": {"uv": [2.0625, 6, 2.125, 6.375], "texture": "#5"},
				"down": {"uv": [2.3125, 6, 2.375, 6.375], "texture": "#5"}
			}
		},
		{
			"from": [6, 0, 26],
			"to": [7, 4, 32],
			"faces": {
				"north": {"uv": [2.6875, 6.375, 2.75, 6.625], "texture": "#5"},
				"east": {"uv": [2.125, 6.375, 2.5, 6.625], "texture": "#5"},
				"south": {"uv": [1.875, 6.375, 1.9375, 6.625], "texture": "#5"},
				"west": {"uv": [1.5, 6.375, 1.875, 6.625], "texture": "#5"},
				"up": {"uv": [1.875, 6, 1.9375, 6.375], "texture": "#5"},
				"down": {"uv": [2.125, 6, 2.1875, 6.375], "texture": "#5"}
			}
		},
		{
			"from": [7, 3, 26],
			"to": [9, 4, 32],
			"faces": {
				"north": {"uv": [2.5625, 6.375, 2.6875, 6.4375], "texture": "#5"},
				"east": {"uv": [2.125, 6.375, 2.5, 6.4375], "texture": "#5"},
				"south": {"uv": [1.9375, 6.375, 2.0625, 6.4375], "texture": "#5"},
				"west": {"uv": [1.5, 6.375, 1.875, 6.4375], "texture": "#5"},
				"up": {"uv": [1.9375, 6, 2.0625, 6.375], "texture": "#5"},
				"down": {"uv": [2.1875, 6, 2.3125, 6.375], "texture": "#5"}
			}
		},
		{
			"from": [7, 0, 26],
			"to": [9, 1, 32],
			"faces": {
				"north": {"uv": [2.5625, 6.5625, 2.6875, 6.625], "texture": "#5"},
				"east": {"uv": [2.125, 6.5625, 2.5, 6.625], "texture": "#5"},
				"south": {"uv": [1.9375, 6.5625, 2.0625, 6.625], "texture": "#5"},
				"west": {"uv": [1.5, 6.5625, 1.875, 6.625], "texture": "#5"},
				"up": {"uv": [1.9375, 6, 2.0625, 6.375], "texture": "#5"},
				"down": {"uv": [2.1875, 6, 2.3125, 6.375], "texture": "#5"}
			}
		},
		{
			"from": [7, 1, 26],
			"to": [9, 3, 30],
			"faces": {
				"north": {"uv": [2.5625, 6.4375, 2.6875, 6.5625], "texture": "#5"},
				"east": {"uv": [2.25, 6.4375, 2.5, 6.5625], "texture": "#5"},
				"south": {"uv": [1.9375, 6.4375, 2.0625, 6.5625], "texture": "#5"},
				"west": {"uv": [1.5, 6.4375, 1.75, 6.5625], "texture": "#5"},
				"up": {"uv": [1.9375, 6, 2.0625, 6.25], "texture": "#5"},
				"down": {"uv": [2.1875, 6, 2.3125, 6.25], "texture": "#5"}
			}
		}
	],
	"display": {
		"head": {
			"rotation": [0, -180, 0],
			"translation": [0, 19.25, -48],
			"scale": [4, 4, 4]
		}
	}
}