{
	"credit": "Made with Blockbench",
	"textures": {
		"all": "snaily:entity/snaily"
	},
	"elements": [
		{
			"from": [4, 4, 4],
			"to": [12, 12, 12],
			"faces": {
				"north": {"uv": [2, 2, 4, 4], "texture": "#all"},
				"east": {"uv": [0, 2, 2, 4], "texture": "#all"},
				"south": {"uv": [6, 2, 8, 4], "texture": "#all"},
				"west": {"uv": [4, 2, 6, 4], "texture": "#all"},
				"up": {"uv": [4, 2, 2, 0], "texture": "#all"},
				"down": {"uv": [4, 0, 6, 2], "texture": "#all"}
			}
		},
		{
			"from": [5, 12, 8],
			"to": [7, 16, 10],
			"faces": {
				"north": {"uv": [6.5, 1, 7, 2], "texture": "#all"},
				"east": {"uv": [6, 1, 6.5, 2], "texture": "#all"},
				"south": {"uv": [7.5, 1, 8, 2], "texture": "#all"},
				"west": {"uv": [7, 1, 7.5, 2], "texture": "#all"},
				"up": {"uv": [7, 1, 6.5, 0.5], "texture": "#all"},
				"down": {"uv": [7, 0.5, 7.5, 1], "texture": "#all"}
			}
		},
		{
			"from": [9, 12, 8],
			"to": [11, 16, 10],
			"faces": {
				"north": {"uv": [0.5, 1, 1, 2], "texture": "#all"},
				"east": {"uv": [0, 1, 0.5, 2], "texture": "#all"},
				"south": {"uv": [1.5, 1, 2, 2], "texture": "#all"},
				"west": {"uv": [1, 1, 1.5, 2], "texture": "#all"},
				"up": {"uv": [1, 1, 0.5, 0.5], "texture": "#all"},
				"down": {"uv": [1, 0.5, 1.5, 1], "texture": "#all"}
			}
		}
	],
	"display": {
		"head": {
			"translation": [0, 4.75, -2.5],
			"scale": [2.66, 2.66, 2.66]
		}
	}
}