{
	"credit": "Made with Blockbench",
	"texture_size": [64, 32],
	"textures": {
		"2": "sky:entity/skylinerw/shades",
		"particle": "sky:entity/skylinerw/shades"
	},
	"elements": [
		{
			"from": [4.7, 18, -6.5],
			"to": [11.3, 20.3, -2.5],
			"faces": {
				"north": {"uv": [5, 6, 11, 10], "texture": "#2"},
				"east": {"uv": [1, 6, 5, 10], "texture": "#2"},
				"south": {"uv": [0, 0, 2, 2], "texture": "#2"},
				"west": {"uv": [11, 6, 15, 10], "texture": "#2"},
				"up": {"uv": [0, 0, 2, 2], "texture": "#2"},
				"down": {"uv": [0, 0, 1.55, 2], "texture": "#2"}
			}
		},
		{
			"from": [11.3, 20.3, -2.5],
			"to": [4.7, 18, -6.5],
			"faces": {
				"north": {"uv": [0, 0, 4, 2], "texture": "#2"},
				"east": {"uv": [1, 6, 5, 10], "rotation": 180, "texture": "#2"},
				"south": {"uv": [5, 6, 11, 10], "rotation": 180, "texture": "#2"},
				"west": {"uv": [11, 6, 15, 10], "rotation": 180, "texture": "#2"},
				"up": {"uv": [0, 0, 2, 2], "texture": "#2"},
				"down": {"uv": [0, 0, 1.55, 2], "texture": "#2"}
			}
		}
	],
	"display": {
		"head": {
			"translation": [0, -21.75, 10.5],
			"scale": [1.55, 1.55, 1.55]
		}
	}
}