{
	"credit": "Made with Blockbench",
	"textures": {
		"6": "minecraft:block/chain_command_block_back",
		"7": "minecraft:block/chain_command_block_front",
		"8": "minecraft:block/chain_command_block_side",
		"particle": "minecraft:block/chain_command_block_back"
	},
	"elements": [
		{
			"from": [0, 0, 0],
			"to": [16, 16, 16],
			"rotation": {"angle": 0, "axis": "y", "origin": [8, 8.5, 8]},
			"faces": {
				"north": {"uv": [0, 0, 16, 16], "texture": "#6"},
				"east": {"uv": [0, 0, 16, 16], "rotation": 270, "texture": "#8"},
				"south": {"uv": [0, 0, 16, 16], "texture": "#7"},
				"west": {"uv": [0, 0, 16, 16], "rotation": 90, "texture": "#8"},
				"up": {"uv": [0, 0, 16, 16], "rotation": 180, "texture": "#8"},
				"down": {"uv": [0, 0, 16, 16], "texture": "#8"}
			}
		}
	],
	"display": {
		"head": {
			"translation": [0, -5.25, 0],
			"scale": [2, 2, 2]
		}
	}
}