{
	"credit": "Made with Blockbench",
	"textures": {
		"1": "tank:entity/tank/track_down",
		"5": "tank:entity/tank/green",
		"particle": "tank:entity/tank/green"
	},
	"elements": [
		{
			"from": [0, 0, -10],
			"to": [16, 1, 26],
			"faces": {
				"north": {"uv": [10, 4.9375, 11, 5], "texture": "#5"},
				"east": {"uv": [6.375, 4.9375, 8.625, 5], "texture": "#5"},
				"south": {"uv": [4, 4.9375, 5, 5], "texture": "#5"},
				"west": {"uv": [0.375, 4.9375, 2.625, 5], "texture": "#5"},
				"up": {"uv": [4, 0.375, 5, 2.625], "texture": "#5"},
				"down": {"uv": [7, 0.375, 8, 2.625], "texture": "#5"}
			}
		},
		{
			"from": [0, 1, -12],
			"to": [16, 3, 28],
			"faces": {
				"north": {"uv": [10, 4.8125, 11, 4.9375], "texture": "#5"},
				"east": {"uv": [6.25, 4.8125, 8.75, 4.9375], "texture": "#5"},
				"south": {"uv": [4, 4.8125, 5, 4.9375], "texture": "#5"},
				"west": {"uv": [0.25, 4.8125, 2.75, 4.9375], "texture": "#5"},
				"up": {"uv": [4, 0.25, 5, 2.75], "texture": "#5"},
				"down": {"uv": [7, 0.25, 8, 2.75], "texture": "#5"}
			}
		},
		{
			"from": [0, 3, -14],
			"to": [16, 6, 30],
			"faces": {
				"north": {"uv": [10, 4.625, 11, 4.8125], "texture": "#5"},
				"east": {"uv": [6.125, 4.625, 8.875, 4.8125], "texture": "#5"},
				"south": {"uv": [4, 4.625, 5, 4.8125], "texture": "#5"},
				"west": {"uv": [0.125, 4.625, 2.875, 4.8125], "texture": "#5"},
				"up": {"uv": [4, 0.125, 5, 2.875], "texture": "#5"},
				"down": {"uv": [7, 0.125, 8, 2.875], "texture": "#5"}
			}
		},
		{
			"from": [0, 6, -16],
			"to": [16, 10, 32],
			"faces": {
				"north": {"uv": [10, 4.375, 11, 4.625], "texture": "#5"},
				"east": {"uv": [6, 4.375, 9, 4.625], "texture": "#5"},
				"south": {"uv": [4, 4.375, 5, 4.625], "texture": "#5"},
				"west": {"uv": [0, 4.375, 3, 4.625], "texture": "#5"},
				"up": {"uv": [4, 0, 5, 3], "texture": "#5"},
				"down": {"uv": [7, 0, 8, 3], "texture": "#5"}
			}
		},
		{
			"from": [-8, 9, -6],
			"to": [24, 10, 22],
			"faces": {
				"north": {"uv": [9.5, 4.375, 11.5, 4.4375], "texture": "#5"},
				"east": {"uv": [6.625, 4.375, 8.375, 4.4375], "texture": "#5"},
				"south": {"uv": [3.5, 4.375, 5.5, 4.4375], "texture": "#5"},
				"west": {"uv": [0.625, 4.375, 2.375, 4.4375], "texture": "#5"},
				"up": {"uv": [3.5, 0.625, 5.5, 2.375], "texture": "#5"},
				"down": {"uv": [6.5, 0.625, 8.5, 2.375], "texture": "#5"}
			}
		},
		{
			"from": [-8, 10, -16],
			"to": [24, 12, 32],
			"faces": {
				"north": {"uv": [9.5, 4.25, 11.5, 4.375], "texture": "#5"},
				"east": {"uv": [6, 4.25, 9, 4.375], "texture": "#5"},
				"south": {"uv": [3.5, 4.25, 5.5, 4.375], "texture": "#5"},
				"west": {"uv": [0, 4.25, 3, 4.375], "texture": "#5"},
				"up": {"uv": [3.5, 0, 5.5, 3], "texture": "#5"},
				"down": {"uv": [6.5, 0, 8.5, 3], "texture": "#5"}
			}
		},
		{
			"from": [-6, 12, -16],
			"to": [22, 16, 28],
			"faces": {
				"north": {"uv": [9.625, 4, 11.375, 4.25], "texture": "#5"},
				"east": {"uv": [6.25, 4, 9, 4.25], "texture": "#5"},
				"south": {"uv": [3.625, 4, 5.375, 4.25], "texture": "#5"},
				"west": {"uv": [0, 4, 2.75, 4.25], "texture": "#5"},
				"up": {"uv": [3.625, 0, 5.375, 2.75], "texture": "#5"},
				"down": {"uv": [6.625, 0.25, 8.375, 3], "texture": "#5"}
			}
		},
		{
			"from": [-7, 14, -8],
			"to": [-6, 15, 24],
			"faces": {
				"north": {"uv": [15.9375, 0, 16, 0.0625], "texture": "#5"},
				"east": {"uv": [15.9375, 0, 16, 2], "rotation": 90, "texture": "#5"},
				"south": {"uv": [15.9375, 1.9375, 16, 2], "texture": "#5"},
				"west": {"uv": [15.9375, 0, 16, 2], "rotation": 270, "texture": "#5"},
				"up": {"uv": [15.9375, 0, 16, 2], "texture": "#5"},
				"down": {"uv": [15.9375, 0, 16, 2], "texture": "#5"}
			}
		},
		{
			"from": [22, 14, -8],
			"to": [23, 15, 24],
			"faces": {
				"north": {"uv": [15.9375, 0, 16, 0.0625], "texture": "#5"},
				"east": {"uv": [15.9375, 0, 16, 2], "rotation": 90, "texture": "#5"},
				"south": {"uv": [15.9375, 1.9375, 16, 2], "texture": "#5"},
				"west": {"uv": [15.9375, 0, 16, 2], "rotation": 270, "texture": "#5"},
				"up": {"uv": [15.9375, 0, 16, 2], "texture": "#5"},
				"down": {"uv": [15.9375, 0, 16, 2], "texture": "#5"}
			}
		},
		{
			"from": [0, 16, -15],
			"to": [16, 17, -7],
			"faces": {
				"north": {"uv": [0.0625, 0, 1.0625, 0.0625], "rotation": 180, "texture": "#5"},
				"east": {"uv": [1.0625, 0.0625, 1.125, 0.5625], "rotation": 90, "texture": "#5"},
				"south": {"uv": [0.0625, 0.5625, 1.0625, 0.625], "texture": "#5"},
				"west": {"uv": [0, 0.0625, 0.0625, 0.5625], "rotation": 270, "texture": "#5"},
				"up": {"uv": [0.0625, 0.0625, 1.0625, 0.5625], "texture": "#5"},
				"down": {"uv": [0.0625, 0.0625, 1.0625, 0.5625], "texture": "#5"}
			}
		},
		{
			"from": [-2, 16, -4],
			"to": [18, 18, 16],
			"faces": {
				"north": {"uv": [0.125, 0.625, 1.375, 0.75], "rotation": 180, "texture": "#5"},
				"east": {"uv": [1.375, 0.75, 1.5, 2], "rotation": 90, "texture": "#5"},
				"south": {"uv": [0.125, 2, 1.375, 2.125], "texture": "#5"},
				"west": {"uv": [0, 0.75, 0.125, 2], "rotation": 270, "texture": "#5"},
				"up": {"uv": [0.125, 0.75, 1.375, 2], "texture": "#5"},
				"down": {"uv": [0.125, 0.75, 1.375, 2], "texture": "#5"}
			}
		},
		{
			"from": [-2, 18, -4],
			"to": [18, 27, 12],
			"faces": {
				"north": {"uv": [9.875, 9.3125, 11.125, 9.875], "texture": "#5"},
				"east": {"uv": [7.25, 9.3125, 8.25, 9.875], "texture": "#5"},
				"south": {"uv": [3.875, 9.3125, 5.125, 9.875], "texture": "#5"},
				"west": {"uv": [0.75, 9.3125, 1.75, 9.875], "texture": "#5"},
				"up": {"uv": [3.875, 6.625, 5.125, 7.75], "texture": "#5"},
				"down": {"uv": [6.875, 6.625, 8.125, 7.75], "texture": "#5"}
			}
		},
		{
			"from": [0, 18, 12],
			"to": [16, 26, 20],
			"faces": {
				"north": {"uv": [10, 9.375, 11, 9.875], "texture": "#5"},
				"east": {"uv": [6.75, 9.375, 7.25, 9.875], "texture": "#5"},
				"south": {"uv": [4, 9.375, 5, 9.875], "texture": "#5"},
				"west": {"uv": [1.8125, 9.375, 2.25, 9.875], "texture": "#5"},
				"up": {"uv": [4, 7.75, 5, 8.25], "texture": "#5"},
				"down": {"uv": [7, 7.75, 8, 8.25], "texture": "#5"}
			}
		},
		{
			"from": [0, 20, -12],
			"to": [16, 26, -4],
			"faces": {
				"north": {"uv": [10, 9.375, 11, 9.75], "texture": "#5"},
				"east": {"uv": [8.25, 9.375, 8.75, 9.75], "texture": "#5"},
				"south": {"uv": [4, 9.375, 5, 9.75], "texture": "#5"},
				"west": {"uv": [0.25, 9.375, 0.75, 9.75], "texture": "#5"},
				"up": {"uv": [4, 6.25, 5, 6.625], "texture": "#5"},
				"down": {"uv": [7, 6.25, 8, 6.625], "texture": "#5"}
			}
		},
		{
			"from": [8, 27, -2],
			"to": [16, 29, 6],
			"faces": {
				"north": {"uv": [0.125, 6, 0.625, 6.125], "rotation": 180, "texture": "#5"},
				"east": {"uv": [0.625, 6.125, 0.75, 6.625], "rotation": 90, "texture": "#5"},
				"south": {"uv": [0.125, 6.625, 0.625, 6.75], "texture": "#5"},
				"west": {"uv": [0, 6.125, 0.125, 6.625], "rotation": 270, "texture": "#5"},
				"up": {"uv": [0.125, 6.125, 0.625, 6.625], "texture": "#5"},
				"down": {"uv": [0, 6, 0.125, 6.125], "texture": "#5"}
			}
		},
		{
			"from": [-16, 28, -16],
			"to": [-2, 32, -12],
			"faces": {
				"north": {"uv": [0.75, 7, 1, 7.875], "rotation": 90, "texture": "#5"},
				"east": {"uv": [0.5, 6.75, 0.75, 7], "rotation": 90, "texture": "#5"},
				"south": {"uv": [0.25, 7, 0.5, 7.875], "rotation": 270, "texture": "#5"},
				"west": {"uv": [0.25, 6.75, 0.5, 7], "rotation": 270, "texture": "#5"},
				"up": {"uv": [0.5, 7, 0.75, 7.875], "rotation": 270, "texture": "#5"},
				"down": {"uv": [0, 7, 0.25, 7.875], "rotation": 270, "texture": "#5"}
			}
		},
		{
			"from": [-11, 28, -12],
			"to": [-7, 32, -2],
			"faces": {
				"north": {"uv": [0.5, 7.875, 0.75, 8.125], "texture": "#5"},
				"east": {"uv": [0.5, 8.125, 0.75, 8.75], "rotation": 90, "texture": "#5"},
				"south": {"uv": [0.25, 7.875, 0.5, 8.125], "texture": "#5"},
				"west": {"uv": [0, 8.125, 0.25, 8.75], "rotation": 270, "texture": "#5"},
				"up": {"uv": [0.25, 8.125, 0.5, 8.75], "texture": "#5"},
				"down": {"uv": [0.75, 8.125, 1, 8.75], "texture": "#5"}
			}
		},
		{
			"from": [-10, 29, -4],
			"to": [-8, 31, 16],
			"faces": {
				"north": {"uv": [1.25, 6, 1.375, 6.125], "texture": "#5"},
				"east": {"uv": [1.25, 6.125, 1.375, 7.375], "rotation": 90, "texture": "#5"},
				"south": {"uv": [1.125, 6, 1.25, 6.125], "texture": "#5"},
				"west": {"uv": [1, 6.125, 1.125, 7.375], "rotation": 270, "texture": "#5"},
				"up": {"uv": [1.125, 6.125, 1.25, 7.375], "texture": "#5"},
				"down": {"uv": [1.375, 6.125, 1.5, 7.375], "texture": "#5"}
			}
		},
		{
			"from": [-8, 28, 16],
			"to": [-7, 32, 22],
			"faces": {
				"north": {"uv": [2.5, 6.375, 2.5625, 6.625], "texture": "#5"},
				"east": {"uv": [2.125, 6.375, 2.5, 6.625], "texture": "#5"},
				"south": {"uv": [2.0625, 6.375, 2.125, 6.625], "texture": "#5"},
				"west": {"uv": [1.5, 6.375, 1.875, 6.625], "texture": "#5"},
				"up": {"uv": [2.0625, 6, 2.125, 6.375], "texture": "#5"},
				"down": {"uv": [2.3125, 6, 2.375, 6.375], "texture": "#5"}
			}
		},
		{
			"from": [-11, 28, 16],
			"to": [-10, 32, 22],
			"faces": {
				"north": {"uv": [2.6875, 6.375, 2.75, 6.625], "texture": "#5"},
				"east": {"uv": [2.125, 6.375, 2.5, 6.625], "texture": "#5"},
				"south": {"uv": [1.875, 6.375, 1.9375, 6.625], "texture": "#5"},
				"west": {"uv": [1.5, 6.375, 1.875, 6.625], "texture": "#5"},
				"up": {"uv": [1.875, 6, 1.9375, 6.375], "texture": "#5"},
				"down": {"uv": [2.125, 6, 2.1875, 6.375], "texture": "#5"}
			}
		},
		{
			"from": [-10, 31, 16],
			"to": [-8, 32, 22],
			"faces": {
				"north": {"uv": [2.5625, 6.375, 2.6875, 6.4375], "texture": "#5"},
				"east": {"uv": [2.125, 6.375, 2.5, 6.4375], "texture": "#5"},
				"south": {"uv": [1.9375, 6.375, 2.0625, 6.4375], "texture": "#5"},
				"west": {"uv": [1.5, 6.375, 1.875, 6.4375], "texture": "#5"},
				"up": {"uv": [1.9375, 6, 2.0625, 6.375], "texture": "#5"},
				"down": {"uv": [2.1875, 6, 2.3125, 6.375], "texture": "#5"}
			}
		},
		{
			"from": [-10, 28, 16],
			"to": [-8, 29, 22],
			"faces": {
				"north": {"uv": [2.5625, 6.5625, 2.6875, 6.625], "texture": "#5"},
				"east": {"uv": [2.125, 6.5625, 2.5, 6.625], "texture": "#5"},
				"south": {"uv": [1.9375, 6.5625, 2.0625, 6.625], "texture": "#5"},
				"west": {"uv": [1.5, 6.5625, 1.875, 6.625], "texture": "#5"},
				"up": {"uv": [1.9375, 6, 2.0625, 6.375], "texture": "#5"},
				"down": {"uv": [2.1875, 6, 2.3125, 6.375], "texture": "#5"}
			}
		},
		{
			"from": [-10, 29, 16],
			"to": [-8, 31, 20],
			"faces": {
				"north": {"uv": [2.5625, 6.4375, 2.6875, 6.5625], "texture": "#5"},
				"east": {"uv": [2.25, 6.4375, 2.5, 6.5625], "texture": "#5"},
				"south": {"uv": [1.9375, 6.4375, 2.0625, 6.5625], "texture": "#5"},
				"west": {"uv": [1.5, 6.4375, 1.75, 6.5625], "texture": "#5"},
				"up": {"uv": [1.9375, 6, 2.0625, 6.25], "texture": "#5"},
				"down": {"uv": [2.1875, 6, 2.3125, 6.25], "texture": "#5"}
			}
		},
		{
			"from": [-5, 4, 27],
			"to": [21, 6, 29],
			"faces": {
				"north": {"uv": [9.125, 0.125, 10.75, 0.25], "rotation": 180, "texture": "#5"},
				"east": {"uv": [10.75, 0.375, 10.875, 0.5], "texture": "#5"},
				"south": {"uv": [9.125, 0.375, 10.75, 0.5], "texture": "#5"},
				"west": {"uv": [9, 0.375, 9.125, 0.5], "texture": "#5"},
				"up": {"uv": [9.125, 0.25, 10.75, 0.375], "texture": "#5"},
				"down": {"uv": [9.125, 0, 10.75, 0.125], "texture": "#5"}
			}
		},
		{
			"from": [-5, 2, 19],
			"to": [21, 4, 21],
			"faces": {
				"north": {"uv": [9.125, 0.125, 10.75, 0.25], "rotation": 180, "texture": "#5"},
				"east": {"uv": [10.75, 0.375, 10.875, 0.5], "texture": "#5"},
				"south": {"uv": [9.125, 0.375, 10.75, 0.5], "texture": "#5"},
				"west": {"uv": [9, 0.375, 9.125, 0.5], "texture": "#5"},
				"up": {"uv": [9.125, 0.25, 10.75, 0.375], "texture": "#5"},
				"down": {"uv": [9.125, 0, 10.75, 0.125], "texture": "#5"}
			}
		},
		{
			"from": [-5, 2, 11],
			"to": [21, 4, 13],
			"faces": {
				"north": {"uv": [9.125, 0.125, 10.75, 0.25], "rotation": 180, "texture": "#5"},
				"east": {"uv": [10.75, 0.375, 10.875, 0.5], "texture": "#5"},
				"south": {"uv": [9.125, 0.375, 10.75, 0.5], "texture": "#5"},
				"west": {"uv": [9, 0.375, 9.125, 0.5], "texture": "#5"},
				"up": {"uv": [9.125, 0.25, 10.75, 0.375], "texture": "#5"},
				"down": {"uv": [9.125, 0, 10.75, 0.125], "texture": "#5"}
			}
		},
		{
			"from": [-5, 2, 3],
			"to": [21, 4, 5],
			"faces": {
				"north": {"uv": [9.125, 0.125, 10.75, 0.25], "rotation": 180, "texture": "#5"},
				"east": {"uv": [10.75, 0.375, 10.875, 0.5], "texture": "#5"},
				"south": {"uv": [9.125, 0.375, 10.75, 0.5], "texture": "#5"},
				"west": {"uv": [9, 0.375, 9.125, 0.5], "texture": "#5"},
				"up": {"uv": [9.125, 0.25, 10.75, 0.375], "texture": "#5"},
				"down": {"uv": [9.125, 0, 10.75, 0.125], "texture": "#5"}
			}
		},
		{
			"from": [-5, 2, -5],
			"to": [21, 4, -3],
			"faces": {
				"north": {"uv": [9.125, 0.125, 10.75, 0.25], "rotation": 180, "texture": "#5"},
				"east": {"uv": [10.75, 0.375, 10.875, 0.5], "texture": "#5"},
				"south": {"uv": [9.125, 0.375, 10.75, 0.5], "texture": "#5"},
				"west": {"uv": [9, 0.375, 9.125, 0.5], "texture": "#5"},
				"up": {"uv": [9.125, 0.25, 10.75, 0.375], "texture": "#5"},
				"down": {"uv": [9.125, 0, 10.75, 0.125], "texture": "#5"}
			}
		},
		{
			"from": [-5, 4, -13],
			"to": [21, 6, -11],
			"faces": {
				"north": {"uv": [9.125, 0.125, 10.75, 0.25], "rotation": 180, "texture": "#5"},
				"east": {"uv": [10.75, 0.375, 10.875, 0.5], "texture": "#5"},
				"south": {"uv": [9.125, 0.375, 10.75, 0.5], "texture": "#5"},
				"west": {"uv": [9, 0.375, 9.125, 0.5], "texture": "#5"},
				"up": {"uv": [9.125, 0.25, 10.75, 0.375], "texture": "#5"},
				"down": {"uv": [9.125, 0, 10.75, 0.125], "texture": "#5"}
			}
		},
		{
			"from": [-1, 3, -9],
			"to": [17, 5, -7],
			"faces": {
				"north": {"uv": [9.125, 0.625, 10.25, 0.75], "rotation": 180, "texture": "#5"},
				"east": {"uv": [10.25, 0.875, 10.375, 1], "texture": "#5"},
				"south": {"uv": [9.125, 0.875, 10.25, 1], "texture": "#5"},
				"west": {"uv": [9, 0.875, 9.125, 1], "texture": "#5"},
				"up": {"uv": [9.125, 0.75, 10.25, 0.875], "texture": "#5"},
				"down": {"uv": [9.125, 0.5, 10.25, 0.625], "texture": "#5"}
			}
		},
		{
			"from": [-1, 3, -1],
			"to": [17, 5, 1],
			"faces": {
				"north": {"uv": [9.125, 0.625, 10.25, 0.75], "rotation": 180, "texture": "#5"},
				"east": {"uv": [10.25, 0.875, 10.375, 1], "texture": "#5"},
				"south": {"uv": [9.125, 0.875, 10.25, 1], "texture": "#5"},
				"west": {"uv": [9, 0.875, 9.125, 1], "texture": "#5"},
				"up": {"uv": [9.125, 0.75, 10.25, 0.875], "texture": "#5"},
				"down": {"uv": [9.125, 0.5, 10.25, 0.625], "texture": "#5"}
			}
		},
		{
			"from": [-1, 3, 7],
			"to": [17, 5, 9],
			"faces": {
				"north": {"uv": [9.125, 0.625, 10.25, 0.75], "rotation": 180, "texture": "#5"},
				"east": {"uv": [10.25, 0.875, 10.375, 1], "texture": "#5"},
				"south": {"uv": [9.125, 0.875, 10.25, 1], "texture": "#5"},
				"west": {"uv": [9, 0.875, 9.125, 1], "texture": "#5"},
				"up": {"uv": [9.125, 0.75, 10.25, 0.875], "texture": "#5"},
				"down": {"uv": [9.125, 0.5, 10.25, 0.625], "texture": "#5"}
			}
		},
		{
			"from": [-1, 3, 15],
			"to": [17, 5, 17],
			"faces": {
				"north": {"uv": [9.125, 0.625, 10.25, 0.75], "rotation": 180, "texture": "#5"},
				"east": {"uv": [10.25, 0.875, 10.375, 1], "texture": "#5"},
				"south": {"uv": [9.125, 0.875, 10.25, 1], "texture": "#5"},
				"west": {"uv": [9, 0.875, 9.125, 1], "texture": "#5"},
				"up": {"uv": [9.125, 0.75, 10.25, 0.875], "texture": "#5"},
				"down": {"uv": [9.125, 0.5, 10.25, 0.625], "texture": "#5"}
			}
		},
		{
			"from": [-1, 3, 23],
			"to": [17, 5, 25],
			"faces": {
				"north": {"uv": [9.125, 0.625, 10.25, 0.75], "rotation": 180, "texture": "#5"},
				"east": {"uv": [10.25, 0.875, 10.375, 1], "texture": "#5"},
				"south": {"uv": [9.125, 0.875, 10.25, 1], "texture": "#5"},
				"west": {"uv": [9, 0.875, 9.125, 1], "texture": "#5"},
				"up": {"uv": [9.125, 0.75, 10.25, 0.875], "texture": "#5"},
				"down": {"uv": [9.125, 0.5, 10.25, 0.625], "texture": "#5"}
			}
		},
		{
			"from": [21, 2, 25],
			"to": [23, 8, 31],
			"faces": {
				"north": {"uv": [0, 2.25, 0.125, 2.625], "texture": "#5"},
				"east": {"uv": [0.125, 2.25, 0.5, 2.625], "texture": "#5"},
				"south": {"uv": [0, 2.25, 0.125, 2.625], "texture": "#5"},
				"west": {"uv": [0.125, 2.25, 0.5, 2.625], "texture": "#5"},
				"up": {"uv": [0, 2.25, 0.125, 2.625], "texture": "#5"},
				"down": {"uv": [0, 2.25, 0.125, 2.625], "texture": "#5"}
			}
		},
		{
			"from": [-7, 2, 25],
			"to": [-5, 8, 31],
			"faces": {
				"north": {"uv": [0, 2.25, 0.125, 2.625], "texture": "#5"},
				"east": {"uv": [0.125, 2.25, 0.5, 2.625], "texture": "#5"},
				"south": {"uv": [0, 2.25, 0.125, 2.625], "texture": "#5"},
				"west": {"uv": [0.125, 2.25, 0.5, 2.625], "texture": "#5"},
				"up": {"uv": [0, 2.25, 0.125, 2.625], "texture": "#5"},
				"down": {"uv": [0, 2.25, 0.125, 2.625], "texture": "#5"}
			}
		},
		{
			"from": [21, 2, -15],
			"to": [23, 8, -9],
			"faces": {
				"north": {"uv": [0, 2.25, 0.125, 2.625], "texture": "#5"},
				"east": {"uv": [0.125, 2.25, 0.5, 2.625], "texture": "#5"},
				"south": {"uv": [0, 2.25, 0.125, 2.625], "texture": "#5"},
				"west": {"uv": [0.125, 2.25, 0.5, 2.625], "texture": "#5"},
				"up": {"uv": [0, 2.25, 0.125, 2.625], "texture": "#5"},
				"down": {"uv": [0, 2.25, 0.125, 2.625], "texture": "#5"}
			}
		},
		{
			"from": [-7, 2, -15],
			"to": [-5, 8, -9],
			"faces": {
				"north": {"uv": [0, 2.25, 0.125, 2.625], "texture": "#5"},
				"east": {"uv": [0.125, 2.25, 0.5, 2.625], "texture": "#5"},
				"south": {"uv": [0, 2.25, 0.125, 2.625], "texture": "#5"},
				"west": {"uv": [0.125, 2.25, 0.5, 2.625], "texture": "#5"},
				"up": {"uv": [0, 2.25, 0.125, 2.625], "texture": "#5"},
				"down": {"uv": [0, 2.25, 0.125, 2.625], "texture": "#5"}
			}
		},
		{
			"from": [21, 0, -7],
			"to": [23, 6, -1],
			"faces": {
				"north": {"uv": [0, 2.25, 0.125, 2.625], "texture": "#5"},
				"east": {"uv": [0.125, 2.25, 0.5, 2.625], "texture": "#5"},
				"south": {"uv": [0, 2.25, 0.125, 2.625], "texture": "#5"},
				"west": {"uv": [0.125, 2.25, 0.5, 2.625], "texture": "#5"},
				"up": {"uv": [0, 2.25, 0.125, 2.625], "texture": "#5"},
				"down": {"uv": [0, 2.25, 0.125, 2.625], "texture": "#5"}
			}
		},
		{
			"from": [-7, 0, -7],
			"to": [-5, 6, -1],
			"faces": {
				"north": {"uv": [0, 2.25, 0.125, 2.625], "texture": "#5"},
				"east": {"uv": [0.125, 2.25, 0.5, 2.625], "texture": "#5"},
				"south": {"uv": [0, 2.25, 0.125, 2.625], "texture": "#5"},
				"west": {"uv": [0.125, 2.25, 0.5, 2.625], "texture": "#5"},
				"up": {"uv": [0, 2.25, 0.125, 2.625], "texture": "#5"},
				"down": {"uv": [0, 2.25, 0.125, 2.625], "texture": "#5"}
			}
		},
		{
			"from": [21, 0, 1],
			"to": [23, 6, 7],
			"faces": {
				"north": {"uv": [0, 2.25, 0.125, 2.625], "texture": "#5"},
				"east": {"uv": [0.125, 2.25, 0.5, 2.625], "texture": "#5"},
				"south": {"uv": [0, 2.25, 0.125, 2.625], "texture": "#5"},
				"west": {"uv": [0.125, 2.25, 0.5, 2.625], "texture": "#5"},
				"up": {"uv": [0, 2.25, 0.125, 2.625], "texture": "#5"},
				"down": {"uv": [0, 2.25, 0.125, 2.625], "texture": "#5"}
			}
		},
		{
			"from": [-7, 0, 1],
			"to": [-5, 6, 7],
			"faces": {
				"north": {"uv": [0, 2.25, 0.125, 2.625], "texture": "#5"},
				"east": {"uv": [0.125, 2.25, 0.5, 2.625], "texture": "#5"},
				"south": {"uv": [0, 2.25, 0.125, 2.625], "texture": "#5"},
				"west": {"uv": [0.125, 2.25, 0.5, 2.625], "texture": "#5"},
				"up": {"uv": [0, 2.25, 0.125, 2.625], "texture": "#5"},
				"down": {"uv": [0, 2.25, 0.125, 2.625], "texture": "#5"}
			}
		},
		{
			"from": [21, 0, 9],
			"to": [23, 6, 15],
			"faces": {
				"north": {"uv": [0, 2.25, 0.125, 2.625], "texture": "#5"},
				"east": {"uv": [0.125, 2.25, 0.5, 2.625], "texture": "#5"},
				"south": {"uv": [0, 2.25, 0.125, 2.625], "texture": "#5"},
				"west": {"uv": [0.125, 2.25, 0.5, 2.625], "texture": "#5"},
				"up": {"uv": [0, 2.25, 0.125, 2.625], "texture": "#5"},
				"down": {"uv": [0, 2.25, 0.125, 2.625], "texture": "#5"}
			}
		},
		{
			"from": [-7, 0, 9],
			"to": [-5, 6, 15],
			"faces": {
				"north": {"uv": [0, 2.25, 0.125, 2.625], "texture": "#5"},
				"east": {"uv": [0.125, 2.25, 0.5, 2.625], "texture": "#5"},
				"south": {"uv": [0, 2.25, 0.125, 2.625], "texture": "#5"},
				"west": {"uv": [0.125, 2.25, 0.5, 2.625], "texture": "#5"},
				"up": {"uv": [0, 2.25, 0.125, 2.625], "texture": "#5"},
				"down": {"uv": [0, 2.25, 0.125, 2.625], "texture": "#5"}
			}
		},
		{
			"from": [21, 0, 17],
			"to": [23, 6, 23],
			"faces": {
				"north": {"uv": [0, 2.25, 0.125, 2.625], "texture": "#5"},
				"east": {"uv": [0.125, 2.25, 0.5, 2.625], "texture": "#5"},
				"south": {"uv": [0, 2.25, 0.125, 2.625], "texture": "#5"},
				"west": {"uv": [0.125, 2.25, 0.5, 2.625], "texture": "#5"},
				"up": {"uv": [0, 2.25, 0.125, 2.625], "texture": "#5"},
				"down": {"uv": [0, 2.25, 0.125, 2.625], "texture": "#5"}
			}
		},
		{
			"from": [-7, 0, 17],
			"to": [-5, 6, 23],
			"faces": {
				"north": {"uv": [0, 2.25, 0.125, 2.625], "texture": "#5"},
				"east": {"uv": [0.125, 2.25, 0.5, 2.625], "texture": "#5"},
				"south": {"uv": [0, 2.25, 0.125, 2.625], "texture": "#5"},
				"west": {"uv": [0.125, 2.25, 0.5, 2.625], "texture": "#5"},
				"up": {"uv": [0, 2.25, 0.125, 2.625], "texture": "#5"},
				"down": {"uv": [0, 2.25, 0.125, 2.625], "texture": "#5"}
			}
		},
		{
			"from": [17, 1, 21],
			"to": [19, 7, 27],
			"faces": {
				"north": {"uv": [0, 2.25, 0.125, 2.625], "texture": "#5"},
				"east": {"uv": [0.125, 2.25, 0.5, 2.625], "texture": "#5"},
				"south": {"uv": [0, 2.25, 0.125, 2.625], "texture": "#5"},
				"west": {"uv": [0.125, 2.25, 0.5, 2.625], "texture": "#5"},
				"up": {"uv": [0, 2.25, 0.125, 2.625], "texture": "#5"},
				"down": {"uv": [0, 2.25, 0.125, 2.625], "texture": "#5"}
			}
		},
		{
			"from": [-3, 1, 21],
			"to": [-1, 7, 27],
			"faces": {
				"north": {"uv": [0, 2.25, 0.125, 2.625], "texture": "#5"},
				"east": {"uv": [0.125, 2.25, 0.5, 2.625], "texture": "#5"},
				"south": {"uv": [0, 2.25, 0.125, 2.625], "texture": "#5"},
				"west": {"uv": [0.125, 2.25, 0.5, 2.625], "texture": "#5"},
				"up": {"uv": [0, 2.25, 0.125, 2.625], "texture": "#5"},
				"down": {"uv": [0, 2.25, 0.125, 2.625], "texture": "#5"}
			}
		},
		{
			"from": [17, 1, 13],
			"to": [19, 7, 19],
			"faces": {
				"north": {"uv": [0, 2.25, 0.125, 2.625], "texture": "#5"},
				"east": {"uv": [0.125, 2.25, 0.5, 2.625], "texture": "#5"},
				"south": {"uv": [0, 2.25, 0.125, 2.625], "texture": "#5"},
				"west": {"uv": [0.125, 2.25, 0.5, 2.625], "texture": "#5"},
				"up": {"uv": [0, 2.25, 0.125, 2.625], "texture": "#5"},
				"down": {"uv": [0, 2.25, 0.125, 2.625], "texture": "#5"}
			}
		},
		{
			"from": [-3, 1, 13],
			"to": [-1, 7, 19],
			"faces": {
				"north": {"uv": [0, 2.25, 0.125, 2.625], "texture": "#5"},
				"east": {"uv": [0.125, 2.25, 0.5, 2.625], "texture": "#5"},
				"south": {"uv": [0, 2.25, 0.125, 2.625], "texture": "#5"},
				"west": {"uv": [0.125, 2.25, 0.5, 2.625], "texture": "#5"},
				"up": {"uv": [0, 2.25, 0.125, 2.625], "texture": "#5"},
				"down": {"uv": [0, 2.25, 0.125, 2.625], "texture": "#5"}
			}
		},
		{
			"from": [17, 1, 5],
			"to": [19, 7, 11],
			"faces": {
				"north": {"uv": [0, 2.25, 0.125, 2.625], "texture": "#5"},
				"east": {"uv": [0.125, 2.25, 0.5, 2.625], "texture": "#5"},
				"south": {"uv": [0, 2.25, 0.125, 2.625], "texture": "#5"},
				"west": {"uv": [0.125, 2.25, 0.5, 2.625], "texture": "#5"},
				"up": {"uv": [0, 2.25, 0.125, 2.625], "texture": "#5"},
				"down": {"uv": [0, 2.25, 0.125, 2.625], "texture": "#5"}
			}
		},
		{
			"from": [-3, 1, 5],
			"to": [-1, 7, 11],
			"faces": {
				"north": {"uv": [0, 2.25, 0.125, 2.625], "texture": "#5"},
				"east": {"uv": [0.125, 2.25, 0.5, 2.625], "texture": "#5"},
				"south": {"uv": [0, 2.25, 0.125, 2.625], "texture": "#5"},
				"west": {"uv": [0.125, 2.25, 0.5, 2.625], "texture": "#5"},
				"up": {"uv": [0, 2.25, 0.125, 2.625], "texture": "#5"},
				"down": {"uv": [0, 2.25, 0.125, 2.625], "texture": "#5"}
			}
		},
		{
			"from": [17, 1, -3],
			"to": [19, 7, 3],
			"faces": {
				"north": {"uv": [0, 2.25, 0.125, 2.625], "texture": "#5"},
				"east": {"uv": [0.125, 2.25, 0.5, 2.625], "texture": "#5"},
				"south": {"uv": [0, 2.25, 0.125, 2.625], "texture": "#5"},
				"west": {"uv": [0.125, 2.25, 0.5, 2.625], "texture": "#5"},
				"up": {"uv": [0, 2.25, 0.125, 2.625], "texture": "#5"},
				"down": {"uv": [0, 2.25, 0.125, 2.625], "texture": "#5"}
			}
		},
		{
			"from": [-3, 1, -3],
			"to": [-1, 7, 3],
			"faces": {
				"north": {"uv": [0, 2.25, 0.125, 2.625], "texture": "#5"},
				"east": {"uv": [0.125, 2.25, 0.5, 2.625], "texture": "#5"},
				"south": {"uv": [0, 2.25, 0.125, 2.625], "texture": "#5"},
				"west": {"uv": [0.125, 2.25, 0.5, 2.625], "texture": "#5"},
				"up": {"uv": [0, 2.25, 0.125, 2.625], "texture": "#5"},
				"down": {"uv": [0, 2.25, 0.125, 2.625], "texture": "#5"}
			}
		},
		{
			"from": [17, 1, -11],
			"to": [19, 7, -5],
			"faces": {
				"north": {"uv": [0, 2.25, 0.125, 2.625], "texture": "#5"},
				"east": {"uv": [0.125, 2.25, 0.5, 2.625], "texture": "#5"},
				"south": {"uv": [0, 2.25, 0.125, 2.625], "texture": "#5"},
				"west": {"uv": [0.125, 2.25, 0.5, 2.625], "texture": "#5"},
				"up": {"uv": [0, 2.25, 0.125, 2.625], "texture": "#5"},
				"down": {"uv": [0, 2.25, 0.125, 2.625], "texture": "#5"}
			}
		},
		{
			"from": [-3, 1, -11],
			"to": [-1, 7, -5],
			"faces": {
				"north": {"uv": [0, 2.25, 0.125, 2.625], "texture": "#5"},
				"east": {"uv": [0.125, 2.25, 0.5, 2.625], "texture": "#5"},
				"south": {"uv": [0, 2.25, 0.125, 2.625], "texture": "#5"},
				"west": {"uv": [0.125, 2.25, 0.5, 2.625], "texture": "#5"},
				"up": {"uv": [0, 2.25, 0.125, 2.625], "texture": "#5"},
				"down": {"uv": [0, 2.25, 0.125, 2.625], "texture": "#5"}
			}
		},
		{
			"from": [16, 2, -16],
			"to": [24, 8, -15],
			"faces": {
				"north": {"uv": [0, 0, 8, 6], "rotation": 180, "texture": "#1"},
				"east": {"uv": [0, 0, 1, 6], "rotation": 180, "texture": "#1"},
				"south": {"uv": [0, 0, 8, 6], "rotation": 180, "texture": "#1"},
				"west": {"uv": [0, 0, 1, 6], "rotation": 180, "texture": "#1"},
				"up": {"uv": [0, 0, 8, 1], "rotation": 180, "texture": "#1"},
				"down": {"uv": [0, 0, 8, 1], "rotation": 180, "texture": "#1"}
			}
		},
		{
			"from": [-8, 2, -16],
			"to": [0, 8, -15],
			"faces": {
				"north": {"uv": [0, 0, 8, 6], "rotation": 180, "texture": "#1"},
				"east": {"uv": [0, 0, 1, 6], "rotation": 180, "texture": "#1"},
				"south": {"uv": [0, 0, 8, 6], "rotation": 180, "texture": "#1"},
				"west": {"uv": [0, 0, 1, 6], "rotation": 180, "texture": "#1"},
				"up": {"uv": [0, 0, 8, 1], "rotation": 180, "texture": "#1"},
				"down": {"uv": [0, 0, 8, 1], "rotation": 180, "texture": "#1"}
			}
		},
		{
			"from": [16, -1, 8],
			"to": [24, 0, 24],
			"faces": {
				"north": {"uv": [0, 0, 8, 1], "texture": "#1"},
				"east": {"uv": [0, 0, 1, 16], "rotation": 270, "texture": "#1"},
				"south": {"uv": [0, 0, 8, 1], "texture": "#1"},
				"west": {"uv": [0, 0, 1, 16], "rotation": 90, "texture": "#1"},
				"up": {"uv": [0, 0, 8, 16], "rotation": 180, "texture": "#1"},
				"down": {"uv": [0, 0, 8, 16], "texture": "#1"}
			}
		},
		{
			"from": [-8, -1, 8],
			"to": [0, 0, 24],
			"faces": {
				"north": {"uv": [0, 0, 8, 1], "texture": "#1"},
				"east": {"uv": [0, 0, 1, 16], "rotation": 270, "texture": "#1"},
				"south": {"uv": [0, 0, 8, 1], "texture": "#1"},
				"west": {"uv": [0, 0, 1, 16], "rotation": 90, "texture": "#1"},
				"up": {"uv": [0, 0, 8, 16], "rotation": 180, "texture": "#1"},
				"down": {"uv": [0, 0, 8, 16], "texture": "#1"}
			}
		},
		{
			"from": [16, -1, -8],
			"to": [24, 0, 8],
			"faces": {
				"north": {"uv": [0, 0, 8, 1], "texture": "#1"},
				"east": {"uv": [0, 0, 1, 16], "rotation": 270, "texture": "#1"},
				"south": {"uv": [0, 0, 8, 1], "texture": "#1"},
				"west": {"uv": [0, 0, 1, 16], "rotation": 90, "texture": "#1"},
				"up": {"uv": [0, 0, 8, 16], "rotation": 180, "texture": "#1"},
				"down": {"uv": [0, 0, 8, 16], "texture": "#1"}
			}
		},
		{
			"from": [-8, -1, -8],
			"to": [0, 0, 8],
			"faces": {
				"north": {"uv": [0, 0, 8, 1], "texture": "#1"},
				"east": {"uv": [0, 0, 1, 16], "rotation": 270, "texture": "#1"},
				"south": {"uv": [0, 0, 8, 1], "texture": "#1"},
				"west": {"uv": [0, 0, 1, 16], "rotation": 90, "texture": "#1"},
				"up": {"uv": [0, 0, 8, 16], "rotation": 180, "texture": "#1"},
				"down": {"uv": [0, 0, 8, 16], "texture": "#1"}
			}
		},
		{
			"from": [16, 7, 8],
			"to": [24, 8, 24],
			"faces": {
				"north": {"uv": [0, 0, 8, 1], "rotation": 180, "texture": "#1"},
				"east": {"uv": [0, 0, 1, 16], "rotation": 90, "texture": "#1"},
				"south": {"uv": [0, 0, 8, 1], "rotation": 180, "texture": "#1"},
				"west": {"uv": [0, 0, 1, 16], "rotation": 270, "texture": "#1"},
				"up": {"uv": [0, 0, 8, 16], "texture": "#1"},
				"down": {"uv": [0, 0, 8, 16], "rotation": 180, "texture": "#1"}
			}
		},
		{
			"from": [-8, 7, 8],
			"to": [0, 8, 24],
			"faces": {
				"north": {"uv": [0, 0, 8, 1], "rotation": 180, "texture": "#1"},
				"east": {"uv": [0, 0, 1, 16], "rotation": 90, "texture": "#1"},
				"south": {"uv": [0, 0, 8, 1], "rotation": 180, "texture": "#1"},
				"west": {"uv": [0, 0, 1, 16], "rotation": 270, "texture": "#1"},
				"up": {"uv": [0, 0, 8, 16], "texture": "#1"},
				"down": {"uv": [0, 0, 8, 16], "rotation": 180, "texture": "#1"}
			}
		},
		{
			"from": [16, 7, -8],
			"to": [24, 8, 8],
			"faces": {
				"north": {"uv": [0, 0, 8, 1], "rotation": 180, "texture": "#1"},
				"east": {"uv": [0, 0, 1, 16], "rotation": 90, "texture": "#1"},
				"south": {"uv": [0, 0, 8, 1], "rotation": 180, "texture": "#1"},
				"west": {"uv": [0, 0, 1, 16], "rotation": 270, "texture": "#1"},
				"up": {"uv": [0, 0, 8, 16], "texture": "#1"},
				"down": {"uv": [0, 0, 8, 16], "rotation": 180, "texture": "#1"}
			}
		},
		{
			"from": [-8, 7, -8],
			"to": [0, 8, 8],
			"faces": {
				"north": {"uv": [0, 0, 8, 1], "rotation": 180, "texture": "#1"},
				"east": {"uv": [0, 0, 1, 16], "rotation": 90, "texture": "#1"},
				"south": {"uv": [0, 0, 8, 1], "rotation": 180, "texture": "#1"},
				"west": {"uv": [0, 0, 1, 16], "rotation": 270, "texture": "#1"},
				"up": {"uv": [0, 0, 8, 16], "texture": "#1"},
				"down": {"uv": [0, 0, 8, 16], "rotation": 180, "texture": "#1"}
			}
		},
		{
			"from": [16, 0, 24],
			"to": [24, 1, 28],
			"faces": {
				"north": {"uv": [0, 0, 8, 1], "texture": "#1"},
				"east": {"uv": [0, 0, 1, 4], "rotation": 270, "texture": "#1"},
				"south": {"uv": [0, 0, 8, 1], "texture": "#1"},
				"west": {"uv": [0, 0, 1, 4], "rotation": 90, "texture": "#1"},
				"up": {"uv": [0, 0, 8, 4], "rotation": 180, "texture": "#1"},
				"down": {"uv": [0, 0, 8, 4], "texture": "#1"}
			}
		},
		{
			"from": [-8, 0, 24],
			"to": [0, 1, 28],
			"faces": {
				"north": {"uv": [0, 0, 8, 1], "texture": "#1"},
				"east": {"uv": [0, 0, 1, 4], "rotation": 270, "texture": "#1"},
				"south": {"uv": [0, 0, 8, 1], "texture": "#1"},
				"west": {"uv": [0, 0, 1, 4], "rotation": 90, "texture": "#1"},
				"up": {"uv": [0, 0, 8, 4], "rotation": 180, "texture": "#1"},
				"down": {"uv": [0, 0, 8, 4], "texture": "#1"}
			}
		},
		{
			"from": [16, 0, -12],
			"to": [24, 1, -8],
			"faces": {
				"north": {"uv": [0, 0, 8, 1], "texture": "#1"},
				"east": {"uv": [0, 0, 1, 4], "rotation": 270, "texture": "#1"},
				"south": {"uv": [0, 0, 8, 1], "texture": "#1"},
				"west": {"uv": [0, 0, 1, 4], "rotation": 90, "texture": "#1"},
				"up": {"uv": [0, 0, 8, 4], "rotation": 180, "texture": "#1"},
				"down": {"uv": [0, 0, 8, 4], "texture": "#1"}
			}
		},
		{
			"from": [-8, 0, -12],
			"to": [0, 1, -8],
			"faces": {
				"north": {"uv": [0, 0, 8, 1], "texture": "#1"},
				"east": {"uv": [0, 0, 1, 4], "rotation": 270, "texture": "#1"},
				"south": {"uv": [0, 0, 8, 1], "texture": "#1"},
				"west": {"uv": [0, 0, 1, 4], "rotation": 90, "texture": "#1"},
				"up": {"uv": [0, 0, 8, 4], "rotation": 180, "texture": "#1"},
				"down": {"uv": [0, 0, 8, 4], "texture": "#1"}
			}
		},
		{
			"from": [16, 1, 28],
			"to": [24, 2, 31],
			"faces": {
				"north": {"uv": [0, 0, 8, 1], "texture": "#1"},
				"east": {"uv": [0, 1, 1, 4], "rotation": 270, "texture": "#1"},
				"south": {"uv": [0, 3, 8, 4], "texture": "#1"},
				"west": {"uv": [0, 1, 1, 4], "rotation": 90, "texture": "#1"},
				"up": {"uv": [0, 1, 8, 4], "rotation": 180, "texture": "#1"},
				"down": {"uv": [0, 1, 8, 4], "texture": "#1"}
			}
		},
		{
			"from": [-8, 1, 28],
			"to": [0, 2, 31],
			"faces": {
				"north": {"uv": [0, 0, 8, 1], "texture": "#1"},
				"east": {"uv": [0, 1, 1, 4], "rotation": 270, "texture": "#1"},
				"south": {"uv": [0, 3, 8, 4], "texture": "#1"},
				"west": {"uv": [0, 1, 1, 4], "rotation": 90, "texture": "#1"},
				"up": {"uv": [0, 1, 8, 4], "rotation": 180, "texture": "#1"},
				"down": {"uv": [0, 1, 8, 4], "texture": "#1"}
			}
		},
		{
			"from": [16, 1, -15],
			"to": [24, 2, -12],
			"faces": {
				"north": {"uv": [0, 0, 8, 1], "texture": "#1"},
				"east": {"uv": [0, 0, 1, 3], "rotation": 270, "texture": "#1"},
				"south": {"uv": [0, 0, 8, 1], "texture": "#1"},
				"west": {"uv": [0, 0, 1, 3], "rotation": 90, "texture": "#1"},
				"up": {"uv": [0, 0, 8, 3], "rotation": 180, "texture": "#1"},
				"down": {"uv": [0, 0, 8, 3], "texture": "#1"}
			}
		},
		{
			"from": [-8, 1, -15],
			"to": [0, 2, -12],
			"faces": {
				"north": {"uv": [0, 0, 8, 1], "texture": "#1"},
				"east": {"uv": [0, 0, 1, 3], "rotation": 270, "texture": "#1"},
				"south": {"uv": [0, 0, 8, 1], "texture": "#1"},
				"west": {"uv": [0, 0, 1, 3], "rotation": 90, "texture": "#1"},
				"up": {"uv": [0, 0, 8, 3], "rotation": 180, "texture": "#1"},
				"down": {"uv": [0, 0, 8, 3], "texture": "#1"}
			}
		},
		{
			"from": [16, 8, 24],
			"to": [24, 9, 32],
			"faces": {
				"north": {"uv": [0, 0, 8, 1], "texture": "#1"},
				"east": {"uv": [0, 3, 1, 11], "rotation": 90, "texture": "#1"},
				"south": {"uv": [0, 15, 8, 16], "texture": "#1"},
				"west": {"uv": [0, 3, 1, 11], "rotation": 270, "texture": "#1"},
				"up": {"uv": [0, 3, 8, 11], "texture": "#1"},
				"down": {"uv": [0, 3, 8, 11], "rotation": 180, "texture": "#1"}
			}
		},
		{
			"from": [-8, 8, 24],
			"to": [0, 9, 32],
			"faces": {
				"north": {"uv": [0, 0, 8, 1], "texture": "#1"},
				"east": {"uv": [0, 3, 1, 11], "rotation": 90, "texture": "#1"},
				"south": {"uv": [0, 15, 8, 16], "texture": "#1"},
				"west": {"uv": [0, 3, 1, 11], "rotation": 270, "texture": "#1"},
				"up": {"uv": [0, 3, 8, 11], "texture": "#1"},
				"down": {"uv": [0, 3, 8, 11], "rotation": 180, "texture": "#1"}
			}
		},
		{
			"from": [16, 8, -16],
			"to": [24, 9, -8],
			"faces": {
				"north": {"uv": [0, 2, 8, 3], "rotation": 180, "texture": "#1"},
				"east": {"uv": [0, 3, 1, 11], "rotation": 90, "texture": "#1"},
				"south": {"uv": [0, 3, 8, 4], "rotation": 180, "texture": "#1"},
				"west": {"uv": [0, 3, 1, 11], "rotation": 270, "texture": "#1"},
				"up": {"uv": [0, 3, 8, 11], "texture": "#1"},
				"down": {"uv": [0, 3, 8, 11], "rotation": 180, "texture": "#1"}
			}
		},
		{
			"from": [-8, 8, -16],
			"to": [0, 9, -8],
			"faces": {
				"north": {"uv": [0, 2, 8, 3], "rotation": 180, "texture": "#1"},
				"east": {"uv": [0, 3, 1, 11], "rotation": 90, "texture": "#1"},
				"south": {"uv": [0, 3, 8, 4], "rotation": 180, "texture": "#1"},
				"west": {"uv": [0, 3, 1, 11], "rotation": 270, "texture": "#1"},
				"up": {"uv": [0, 3, 8, 11], "texture": "#1"},
				"down": {"uv": [0, 3, 8, 11], "rotation": 180, "texture": "#1"}
			}
		},
		{
			"from": [16, 2, 31],
			"to": [24, 8, 32],
			"faces": {
				"north": {"uv": [0, 0, 8, 6], "texture": "#1"},
				"east": {"uv": [0, 0, 1, 6], "texture": "#1"},
				"south": {"uv": [0, 0, 8, 6], "texture": "#1"},
				"west": {"uv": [0, 0, 1, 6], "texture": "#1"},
				"up": {"uv": [0, 0, 8, 1], "texture": "#1"},
				"down": {"uv": [0, 2, 8, 3], "texture": "#1"}
			}
		},
		{
			"from": [-8, 2, 31],
			"to": [0, 8, 32],
			"faces": {
				"north": {"uv": [0, 0, 8, 6], "texture": "#1"},
				"east": {"uv": [0, 0, 1, 6], "texture": "#1"},
				"south": {"uv": [0, 0, 8, 6], "texture": "#1"},
				"west": {"uv": [0, 0, 1, 6], "texture": "#1"},
				"up": {"uv": [0, 0, 8, 1], "texture": "#1"},
				"down": {"uv": [0, 2, 8, 3], "texture": "#1"}
			}
		}
	],
	"groups": [
		{
			"name": "armor",
			"origin": [0, 0, 0],
			"children": [0, 1, 2, 3, 4, 5, 6, 7, 8, 9, 10]
		},
		{
			"name": "turret",
			"origin": [8, 8, 8],
			"children": [11, 12, 13, 14]
		},
		{
			"name": "barrel",
			"origin": [8, 8, 8],
			"children": [15, 16, 17, 18, 19, 20, 21, 22]
		},
		{
			"name": "axles",
			"origin": [8, 8, 8],
			"children": [23, 24, 25, 26, 27, 28, 29, 30, 31, 32, 33]
		},
		{
			"name": "wheels",
			"origin": [8, 8, 8],
			"children": [34, 35, 36, 37, 38, 39, 40, 41, 42, 43, 44, 45, 46, 47, 48, 49, 50, 51, 52, 53, 54, 55]
		},
		{
			"name": "tracks",
			"origin": [0, 0, 0],
			"children": [56, 57, 58, 59, 60, 61, 62, 63, 64, 65, 66, 67, 68, 69, 70, 71, 72, 73, 74, 75, 76, 77, 78, 79]
		}
	]
}