{
	"credit": "Made with Blockbench",
	"textures": {
		"5": "tank:entity/tank/green",
		"particle": "tank:entity/tank/green"
	},
	"elements": [
		{
			"from": [-2, 18, -4],
			"to": [18, 27, 12],
			"faces": {
				"north": {"uv": [9.875, 9.3125, 11.125, 9.875], "texture": "#5"},
				"east": {"uv": [7.25, 9.3125, 8.25, 9.875], "texture": "#5"},
				"south": {"uv": [3.875, 9.3125, 5.125, 9.875], "texture": "#5"},
				"west": {"uv": [0.75, 9.3125, 1.75, 9.875], "texture": "#5"},
				"up": {"uv": [3.875, 6.625, 5.125, 7.75], "texture": "#5"},
				"down": {"uv": [6.875, 6.625, 8.125, 7.75], "texture": "#5"}
			}
		},
		{
			"from": [0, 18, 12],
			"to": [16, 26, 20],
			"faces": {
				"north": {"uv": [10, 9.375, 11, 9.875], "texture": "#5"},
				"east": {"uv": [6.75, 9.375, 7.25, 9.875], "texture": "#5"},
				"south": {"uv": [4, 9.375, 5, 9.875], "texture": "#5"},
				"west": {"uv": [1.8125, 9.375, 2.25, 9.875], "texture": "#5"},
				"up": {"uv": [4, 7.75, 5, 8.25], "texture": "#5"},
				"down": {"uv": [7, 7.75, 8, 8.25], "texture": "#5"}
			}
		},
		{
			"from": [0, 20, -12],
			"to": [16, 26, -4],
			"faces": {
				"north": {"uv": [10, 9.375, 11, 9.75], "texture": "#5"},
				"east": {"uv": [8.25, 9.375, 8.75, 9.75], "texture": "#5"},
				"south": {"uv": [4, 9.375, 5, 9.75], "texture": "#5"},
				"west": {"uv": [0.25, 9.375, 0.75, 9.75], "texture": "#5"},
				"up": {"uv": [4, 6.25, 5, 6.625], "texture": "#5"},
				"down": {"uv": [7, 6.25, 8, 6.625], "texture": "#5"}
			}
		},
		{
			"from": [8, 27, -2],
			"to": [16, 29, 6],
			"faces": {
				"north": {"uv": [0.125, 6, 0.625, 6.125], "rotation": 180, "texture": "#5"},
				"east": {"uv": [0.625, 6.125, 0.75, 6.625], "rotation": 90, "texture": "#5"},
				"south": {"uv": [0.125, 6.625, 0.625, 6.75], "texture": "#5"},
				"west": {"uv": [0, 6.125, 0.125, 6.625], "rotation": 270, "texture": "#5"},
				"up": {"uv": [0.125, 6.125, 0.625, 6.625], "texture": "#5"},
				"down": {"uv": [0, 6, 0.125, 6.125], "texture": "#5"}
			}
		}
	],
	"display": {
		"head": {
			"rotation": [0, -180, 0],
			"translation": [0, -44.5, -12.5],
			"scale": [4, 4, 4]
		}
	}
}