{
    "condition": "minecraft:alternative",
    "terms": [
        {
            "condition": "minecraft:entity_properties",
            "entity": "this",
            "predicate": {
                "type": "minecraft:player",
                "equipment": {
                  "mainhand": {
                        "tag": "snaily:food",
                        "count": {
                            "min": 1
                        }
                    }
                }
            }
        },
        {
            "condition": "minecraft:entity_properties",
            "entity": "this",
            "predicate": {
                "type": "minecraft:player",
                "equipment": {
                    "offhand": {
                        "tag": "snaily:food",
                        "count": {
                            "min": 1
                        }
                    }
                }
            }
        }
    ]
}