{
    "parent": "minecraft:item/generated",
    "textures": {
      "layer0": "minecraft:item/iron_ingot"
    },
    "overrides": [
      {
        "predicate": {
          "custom_model_data": 271801
        },
        "model": "sky:entity/ufo/mcc"
      },
	  {
        "predicate": {
          "custom_model_data": 271802
        },
        "model": "sky:entity/ufo/center"
      },
	  {
        "predicate": {
          "custom_model_data": 271803
        },
        "model": "sky:entity/ufo/edge"
      },
	  {
        "predicate": {
          "custom_model_data": 271804
        },
        "model": "sky:entity/ufo/corner"
      },
	  {
        "predicate": {
          "custom_model_data": 271805
        },
        "model": "sky:entity/ufo/beam"
      }
    ]
}