{
	"credit": "Made with Blockbench",
	"texture_size": [64, 32],
	"textures": {
		"0": "sky:entity/skylinerw/hurt_sheep",
		"1": "sky:entity/skylinerw/hurt_sheep_fur",
		"particle": "sky:entity/skylinerw/hurt_sheep"
	},
	"elements": [
		{
			"from": [4, 12, 0],
			"to": [12, 18, 16],
			"faces": {
				"north": {"uv": [8.5, 4, 10.5, 7], "texture": "#0"},
				"east": {"uv": [7, 7, 8.25, 15], "rotation": 90, "texture": "#0"},
				"south": {"uv": [12.5, 4, 10.5, 7], "texture": "#0"},
				"west": {"uv": [10.25, 7, 11.5, 15], "rotation": 270, "texture": "#0"},
				"up": {"uv": [14, 15, 12, 7], "rotation": 180, "texture": "#0"},
				"down": {"uv": [8.5, 7, 10.5, 15], "rotation": 180, "texture": "#0"}
			}
		},
		{
			"from": [3, 0, 1],
			"to": [7, 12, 5],
			"rotation": {"angle": 0, "axis": "y", "origin": [11, 8, 9]},
			"faces": {
				"north": {"uv": [1, 10, 2, 16], "texture": "#0"},
				"east": {"uv": [0, 10, 1, 16], "texture": "#0"},
				"south": {"uv": [3, 10, 4, 16], "texture": "#0"},
				"west": {"uv": [2, 10, 3, 16], "texture": "#0"},
				"up": {"uv": [2, 10, 1, 8], "texture": "#0"},
				"down": {"uv": [3, 8, 2, 10], "texture": "#0"}
			}
		},
		{
			"from": [3, 0, 13],
			"to": [7, 12, 17],
			"rotation": {"angle": 0, "axis": "y", "origin": [11, 8, 21]},
			"faces": {
				"north": {"uv": [1, 10, 2, 16], "texture": "#0"},
				"east": {"uv": [0, 10, 1, 16], "texture": "#0"},
				"south": {"uv": [3, 10, 4, 16], "texture": "#0"},
				"west": {"uv": [2, 10, 3, 16], "texture": "#0"},
				"up": {"uv": [2, 10, 1, 8], "texture": "#0"},
				"down": {"uv": [3, 8, 2, 10], "texture": "#0"}
			}
		},
		{
			"from": [9, 0, 13],
			"to": [13, 12, 17],
			"rotation": {"angle": 0, "axis": "y", "origin": [17, 8, 21]},
			"faces": {
				"north": {"uv": [1, 10, 2, 16], "texture": "#0"},
				"east": {"uv": [0, 10, 1, 16], "texture": "#0"},
				"south": {"uv": [3, 10, 4, 16], "texture": "#0"},
				"west": {"uv": [2, 10, 3, 16], "texture": "#0"},
				"up": {"uv": [2, 10, 1, 8], "texture": "#0"},
				"down": {"uv": [3, 8, 2, 10], "texture": "#0"}
			}
		},
		{
			"from": [9, 0, 1],
			"to": [13, 12, 5],
			"rotation": {"angle": 0, "axis": "y", "origin": [17, 8, 9]},
			"faces": {
				"north": {"uv": [1, 10, 2, 16], "texture": "#0"},
				"east": {"uv": [0, 10, 1, 16], "texture": "#0"},
				"south": {"uv": [3, 10, 4, 16], "texture": "#0"},
				"west": {"uv": [2, 10, 3, 16], "texture": "#0"},
				"up": {"uv": [2, 10, 1, 8], "texture": "#0"},
				"down": {"uv": [3, 8, 2, 10], "texture": "#0"}
			}
		},
		{
			"from": [2.5, 5.5, 0.5],
			"to": [7.5, 12.5, 5.5],
			"rotation": {"angle": 0, "axis": "y", "origin": [10, 20, 8]},
			"faces": {
				"north": {"uv": [1, 10, 2, 13], "texture": "#1"},
				"east": {"uv": [0, 10, 1, 13], "texture": "#1"},
				"south": {"uv": [3, 10, 4, 13], "texture": "#1"},
				"west": {"uv": [2, 10, 3, 13], "texture": "#1"},
				"up": {"uv": [1, 8, 2, 10], "texture": "#1"},
				"down": {"uv": [2, 8, 3, 10], "texture": "#1"}
			}
		},
		{
			"from": [8.5, 5.5, 0.5],
			"to": [13.5, 12.5, 5.5],
			"rotation": {"angle": 0, "axis": "y", "origin": [16, 20, 8]},
			"faces": {
				"north": {"uv": [1, 10, 2, 13], "texture": "#1"},
				"east": {"uv": [0, 10, 1, 13], "texture": "#1"},
				"south": {"uv": [3, 10, 4, 13], "texture": "#1"},
				"west": {"uv": [2, 10, 3, 13], "texture": "#1"},
				"up": {"uv": [1, 8, 2, 10], "texture": "#1"},
				"down": {"uv": [2, 8, 3, 10], "texture": "#1"}
			}
		},
		{
			"from": [8.5, 5.5, 12.5],
			"to": [13.5, 12.5, 17.5],
			"rotation": {"angle": 0, "axis": "y", "origin": [16, 20, 20]},
			"faces": {
				"north": {"uv": [1, 10, 2, 13], "texture": "#1"},
				"east": {"uv": [0, 10, 1, 13], "texture": "#1"},
				"south": {"uv": [3, 10, 4, 13], "texture": "#1"},
				"west": {"uv": [2, 10, 3, 13], "texture": "#1"},
				"up": {"uv": [1, 8, 2, 10], "texture": "#1"},
				"down": {"uv": [2, 8, 3, 10], "texture": "#1"}
			}
		},
		{
			"from": [2.5, 5.5, 12.5],
			"to": [7.5, 12.5, 17.5],
			"rotation": {"angle": 0, "axis": "y", "origin": [10, 20, 20]},
			"faces": {
				"north": {"uv": [1, 10, 2, 13], "texture": "#1"},
				"east": {"uv": [0, 10, 1, 13], "texture": "#1"},
				"south": {"uv": [3, 10, 4, 13], "texture": "#1"},
				"west": {"uv": [2, 10, 3, 13], "texture": "#1"},
				"up": {"uv": [1, 8, 2, 10], "texture": "#1"},
				"down": {"uv": [2, 8, 3, 10], "texture": "#1"}
			}
		},
		{
			"from": [2, 10, -2],
			"to": [14, 19, 18],
			"rotation": {"angle": 0, "axis": "y", "origin": [10, 18, 6]},
			"faces": {
				"north": {"uv": [8.5, 4, 10.75, 7], "texture": "#1"},
				"east": {"uv": [10.75, 7, 12.25, 15], "rotation": 270, "texture": "#1"},
				"south": {"uv": [10.75, 4, 13, 7], "texture": "#1"},
				"west": {"uv": [7, 7, 8.5, 15], "rotation": 90, "texture": "#1"},
				"up": {"uv": [11.75, 7, 14, 15], "texture": "#1"},
				"down": {"uv": [8.5, 7, 10.75, 15], "texture": "#1"}
			}
		}
	],
	"display": {
		"head": {
			"translation": [0, -28.5, 0],
			"scale": [1.55, 1.55, 1.55]
		}
	}
}