{
    "parent": "minecraft:item/handheld_rod",
    "textures": {
      "layer0": "minecraft:item/warped_fungus_on_a_stick"
    },
    "overrides": [
      {
        "predicate": {
          "custom_model_data": 271801
        },
        "model": "sky:item/commanders_amulet"
      },
	  {
        "predicate": {
          "custom_model_data": 271802
        },
        "model": "sky:item/pufferfish_cannon"
      },
	  
	  
	  
	  {
        "predicate": {
          "custom_model_data": 314101
        },
        "model": "tank:item/shoot_bullet"
      },
	  {
        "predicate": {
          "custom_model_data": 314102
        },
        "model": "tank:item/shoot_fire"
      }
    ]
}