{
	"credit": "Made with Blockbench",
	"texture_size": [64, 32],
	"textures": {
		"0": "sky:entity/chloe",
		"particle": "sky:entity/chloe"
	},
	"elements": [
		{
			"from": [6, 4, 0],
			"to": [10, 10, 16],
			"rotation": {"angle": 0, "axis": "y", "origin": [14, 12, 8]},
			"faces": {
				"north": {"uv": [6.5, 0, 7.5, 3], "texture": "#0"},
				"east": {"uv": [5, 3, 6.5, 11], "rotation": 90, "texture": "#0"},
				"south": {"uv": [7.5, 0, 8.5, 3], "texture": "#0"},
				"west": {"uv": [7.5, 3, 9, 11], "rotation": 270, "texture": "#0"},
				"up": {"uv": [9, 3, 10, 11], "texture": "#0"},
				"down": {"uv": [6.5, 3, 7.5, 11], "rotation": 180, "texture": "#0"}
			}
		},
		{
			"from": [5.75, -0.1, 2],
			"to": [7.75, 9.9, 4],
			"rotation": {"angle": -22.5, "axis": "x", "origin": [8, 9, 3]},
			"faces": {
				"north": {"uv": [10.5, 1, 11, 6], "texture": "#0"},
				"east": {"uv": [10, 1, 10.5, 6], "texture": "#0"},
				"south": {"uv": [11.5, 1, 12, 6], "texture": "#0"},
				"west": {"uv": [11, 1, 11.5, 6], "texture": "#0"},
				"up": {"uv": [11, 1, 10.5, 0], "texture": "#0"},
				"down": {"uv": [11.5, 0, 11, 1], "texture": "#0"}
			}
		},
		{
			"from": [8.25, -0.1, 2],
			"to": [10.25, 9.9, 4],
			"rotation": {"angle": 22.5, "axis": "x", "origin": [8, 9, 3]},
			"faces": {
				"north": {"uv": [10.5, 1, 11, 6], "texture": "#0"},
				"east": {"uv": [10, 1, 10.5, 6], "texture": "#0"},
				"south": {"uv": [11.5, 1, 12, 6], "texture": "#0"},
				"west": {"uv": [11, 1, 11.5, 6], "texture": "#0"},
				"up": {"uv": [11, 1, 10.5, 0], "texture": "#0"},
				"down": {"uv": [11.5, 0, 11, 1], "texture": "#0"}
			}
		},
		{
			"from": [8.25, 0, 13],
			"to": [10.25, 6, 15],
			"rotation": {"angle": -22.5, "axis": "x", "origin": [8, 9, 14]},
			"faces": {
				"north": {"uv": [2.5, 7.5, 3, 10.5], "texture": "#0"},
				"east": {"uv": [2, 7.5, 2.5, 10.5], "texture": "#0"},
				"south": {"uv": [3.5, 7.5, 4, 10.5], "texture": "#0"},
				"west": {"uv": [3, 7.5, 3.5, 10.5], "texture": "#0"},
				"up": {"uv": [3, 7.5, 2.5, 6.5], "texture": "#0"},
				"down": {"uv": [3.5, 6.5, 3, 7.5], "texture": "#0"}
			}
		},
		{
			"from": [5.75, 0, 13],
			"to": [7.75, 6, 15],
			"rotation": {"angle": 22.5, "axis": "x", "origin": [8, 9, 14]},
			"faces": {
				"north": {"uv": [2.5, 7.5, 3, 10.5], "texture": "#0"},
				"east": {"uv": [2, 7.5, 2.5, 10.5], "texture": "#0"},
				"south": {"uv": [3.5, 7.5, 4, 10.5], "texture": "#0"},
				"west": {"uv": [3, 7.5, 3.5, 10.5], "texture": "#0"},
				"up": {"uv": [3, 7.5, 2.5, 6.5], "texture": "#0"},
				"down": {"uv": [3.5, 6.5, 3, 7.5], "texture": "#0"}
			}
		},
		{
			"from": [5.5, 7, -5],
			"to": [10.5, 11, 0],
			"rotation": {"angle": 0, "axis": "y", "origin": [13.5, 15, 7]},
			"faces": {
				"north": {"uv": [1.25, 2.5, 2.5, 4.5], "texture": "#0"},
				"east": {"uv": [0, 2.5, 1.25, 4.5], "texture": "#0"},
				"south": {"uv": [3.75, 2.5, 5, 4.5], "texture": "#0"},
				"west": {"uv": [2.5, 2.5, 3.75, 4.5], "texture": "#0"},
				"up": {"uv": [2.5, 2.5, 1.25, 0], "texture": "#0"},
				"down": {"uv": [3.75, 0, 2.5, 2.5], "texture": "#0"}
			}
		},
		{
			"from": [9, 11, -2],
			"to": [10, 12, 0],
			"rotation": {"angle": 0, "axis": "y", "origin": [17, 19, 7]},
			"faces": {
				"north": {"uv": [0.5, 6, 0.75, 6.5], "texture": "#0"},
				"east": {"uv": [0, 6, 0.5, 6.5], "texture": "#0"},
				"south": {"uv": [1.25, 6, 1.5, 6.5], "texture": "#0"},
				"west": {"uv": [0.75, 6, 1.25, 6.5], "texture": "#0"},
				"up": {"uv": [0.75, 6, 0.5, 5], "texture": "#0"},
				"down": {"uv": [1, 5, 0.75, 6], "texture": "#0"}
			}
		},
		{
			"from": [6, 11, -2],
			"to": [7, 12, 0],
			"rotation": {"angle": 0, "axis": "y", "origin": [14, 19, 7]},
			"faces": {
				"north": {"uv": [2, 6, 2.25, 6.5], "texture": "#0"},
				"east": {"uv": [1.5, 6, 2, 6.5], "texture": "#0"},
				"south": {"uv": [2.75, 6, 3, 6.5], "texture": "#0"},
				"west": {"uv": [2.25, 6, 2.75, 6.5], "texture": "#0"},
				"up": {"uv": [2, 5, 2.25, 6], "texture": "#0"},
				"down": {"uv": [2.25, 5, 2.5, 6], "texture": "#0"}
			}
		},
		{
			"from": [6.5, 7, -6],
			"to": [9.5, 9, -4],
			"rotation": {"angle": 0, "axis": "y", "origin": [16.5, 15, 2]},
			"faces": {
				"north": {"uv": [0.5, 13, 1.25, 14], "texture": "#0"},
				"east": {"uv": [0, 13, 0.5, 14], "texture": "#0"},
				"south": {"uv": [1.75, 13, 2.5, 14], "texture": "#0"},
				"west": {"uv": [1.25, 13, 1.75, 14], "texture": "#0"},
				"up": {"uv": [1.25, 13, 0.5, 12], "texture": "#0"},
				"down": {"uv": [1.25, 12, 2, 13], "texture": "#0"}
			}
		},
		{
			"from": [7.5, 9, 15],
			"to": [8.5, 10, 23],
			"rotation": {"angle": 22.5, "axis": "x", "origin": [8, 9, 15]},
			"faces": {
				"north": {"uv": [0.25, 7.5, 0.5, 8], "texture": "#0"},
				"east": {"uv": [0.5, 8, 0.75, 12], "rotation": 90, "texture": "#0"},
				"south": {"uv": [0.5, 7.5, 0.75, 8], "texture": "#0"},
				"west": {"uv": [0, 8, 0.25, 12], "rotation": 90, "texture": "#0"},
				"up": {"uv": [0.5, 12, 0.25, 8], "texture": "#0"},
				"down": {"uv": [1, 8, 0.75, 12], "texture": "#0"}
			}
		},
		{
			"from": [7.5, 6, 22],
			"to": [8.5, 7, 30],
			"rotation": {"angle": 0, "axis": "x", "origin": [8, 6, 22]},
			"faces": {
				"north": {"uv": [1.25, 7.5, 1.5, 8], "texture": "#0"},
				"east": {"uv": [1.5, 8, 1.75, 12], "rotation": 90, "texture": "#0"},
				"south": {"uv": [1.5, 7.5, 1.75, 8], "texture": "#0"},
				"west": {"uv": [1, 8, 1.25, 12], "rotation": 90, "texture": "#0"},
				"up": {"uv": [1.5, 12, 1.25, 8], "texture": "#0"},
				"down": {"uv": [2, 8, 1.75, 12], "texture": "#0"}
			}
		}
	],
	"display": {
		"head": {
			"translation": [0, -18, 0],
			"scale": [1.75, 1.75, 1.75]
		}
	}
}