{
	"credit": "Made with Blockbench",
	"texture_size": [64, 32],
	"textures": {
		"0": "sky:entity/skylinerw/pixelation/sheep/08",
		"1": "sky:entity/skylinerw/pixelation/sheep_fur/08",
		"particle": "minecraft:entity/sheep/sheep"
	},
	"elements": [
		{
			"from": [-7, -7, -12],
			"to": [23, 23, 28],
			"rotation": {"angle": 0, "axis": "y", "origin": [1, 1, -4]},
			"faces": {
				"north": {"uv": [2, 4, 3.5, 7], "texture": "#0"},
				"east": {"uv": [0, 4, 2, 7], "texture": "#0"},
				"south": {"uv": [5.5, 4, 7, 7], "texture": "#0"},
				"west": {"uv": [3.5, 4, 5.5, 7], "texture": "#0"},
				"up": {"uv": [2, 0, 3.5, 4], "texture": "#0"},
				"down": {"uv": [3.5, 0, 5, 4], "texture": "#0"}
			}
		},
		{
			"from": [23, 23, 28],
			"to": [-7, -7, -12],
			"rotation": {"angle": 0, "axis": "y", "origin": [1, 1, -4]},
			"faces": {
				"north": {"uv": [5.5, 7, 7, 4], "texture": "#0"},
				"east": {"uv": [3.5, 7, 5.5, 4], "texture": "#0"},
				"south": {"uv": [2, 7, 3.5, 4], "texture": "#0"},
				"west": {"uv": [0, 7, 2, 4], "texture": "#0"},
				"up": {"uv": [5, 0, 3.5, 4], "texture": "#0"},
				"down": {"uv": [3.5, 0, 2, 4], "texture": "#0"}
			}
		},
		{
			"from": [-9.5, -9.5, -4.5],
			"to": [25.5, 25.5, 30.5],
			"rotation": {"angle": 0, "axis": "y", "origin": [-1.5, -1.5, 3.5]},
			"faces": {
				"north": {"uv": [1.5, 3, 3, 6], "texture": "#1"},
				"east": {"uv": [0, 3, 1.5, 6], "texture": "#1"},
				"south": {"uv": [4.5, 3, 6, 6], "texture": "#1"},
				"west": {"uv": [3, 3, 4.5, 6], "texture": "#1"},
				"up": {"uv": [1.5, 0, 3, 3], "texture": "#1"},
				"down": {"uv": [3, 0, 4.5, 3], "texture": "#1"}
			}
		},
		{
			"from": [25.5, 25.5, 30.5],
			"to": [-9.5, -9.5, -4.5],
			"rotation": {"angle": 0, "axis": "y", "origin": [-1.5, -1.5, 3.5]},
			"faces": {
				"north": {"uv": [4.5, 6, 6, 3], "texture": "#1"},
				"east": {"uv": [3, 6, 4.5, 3], "texture": "#1"},
				"south": {"uv": [1.5, 6, 3, 3], "texture": "#1"},
				"west": {"uv": [0, 6, 1.5, 3], "texture": "#1"},
				"up": {"uv": [4.5, 0, 3, 3], "texture": "#1"},
				"down": {"uv": [3, 0, 1.5, 3], "texture": "#1"}
			}
		}
	],
	"display": {
		"head": {
			"translation": [0, -5.25, -64],
			"scale": [3.875, 3.875, 3.875]
		}
	}
}