{
    "type": "generic",
    "pools": [
        {
            "rolls": 1,
            "entries": [
                {
                   "type": "minecraft:item",
                   "name": "minecraft:axolotl_spawn_egg",
                   "functions": [
                       {
                           "function": "minecraft:set_count",
                           "count": 1
                       },
                       {
                           "function": "minecraft:set_nbt",
                           "tag": "{snaily.item:1b,snaily.item.snaily_egg:1b,display:{Name:\"{\\\"text\\\":\\\"Spawn Snaily\\\",\\\"color\\\":\\\"light_purple\\\",\\\"bold\\\":true,\\\"italic\\\":false}\"},EntityTag:{id:\"minecraft:marker\",Tags:[\"nexus.entity\",\"snaily.entity\",\"snaily.entity.type.spawn_snaily\",\"nexus.entity.ticking\"]}}"
                       }
                   ] 
                }
            ]
        }
    ]
}