{
	"credit": "Made with Blockbench",
	"textures": {
		"all": "snaily:entity/snaily"
	},
	"elements": [
		{
			"from": [5, 5, -3],
			"to": [11, 15, 3],
			"faces": {
				"north": {"uv": [1.5, 5.5, 3, 8], "texture": "#all"},
				"east": {"uv": [0, 5.5, 1.5, 8], "texture": "#all"},
				"south": {"uv": [4.5, 5.5, 6, 8], "texture": "#all"},
				"west": {"uv": [3, 5.5, 4.5, 8], "texture": "#all"},
				"up": {"uv": [3, 5.5, 1.5, 4], "texture": "#all"},
				"down": {"uv": [3, 4, 4.5, 5.5], "texture": "#all"}
			}
		},
		{
			"from": [5, 5, -3],
			"to": [11, 11, 9],
			"faces": {
				"north": {"uv": [9, 6.5, 10.5, 8], "texture": "#all"},
				"east": {"uv": [6, 6.5, 9, 8], "texture": "#all"},
				"south": {"uv": [13.5, 6.5, 15, 8], "texture": "#all"},
				"west": {"uv": [10.5, 6.5, 13.5, 8], "texture": "#all"},
				"up": {"uv": [10.5, 6.5, 9, 3.5], "texture": "#all"},
				"down": {"uv": [10.5, 3.5, 12, 6.5], "texture": "#all"}
			}
		},
		{
			"from": [6, 5, 9],
			"to": [10, 10, 11],
			"faces": {
				"north": {"uv": [6.5, 5.25, 7.5, 6.5], "texture": "#all"},
				"east": {"uv": [6, 5.25, 6.5, 6.5], "texture": "#all"},
				"south": {"uv": [8, 5.25, 9, 6.5], "texture": "#all"},
				"west": {"uv": [7.5, 5.25, 8, 6.5], "texture": "#all"},
				"up": {"uv": [7.5, 5.25, 6.5, 4.75], "texture": "#all"},
				"down": {"uv": [7.5, 4.75, 8.5, 5.25], "texture": "#all"}
			}
		},
		{
			"from": [6, 11, 4],
			"to": [10, 17, 10],
			"faces": {
				"north": {"uv": [9.5, 1.5, 10.5, 3], "texture": "#all"},
				"east": {"uv": [8, 1.5, 9.5, 3], "texture": "#all"},
				"south": {"uv": [12, 1.5, 13, 3], "texture": "#all"},
				"west": {"uv": [10.5, 1.5, 12, 3], "texture": "#all"},
				"up": {"uv": [10.5, 1.5, 9.5, 0], "texture": "#all"},
				"down": {"uv": [10.5, 0, 11.5, 1.5], "texture": "#all"}
			}
		}
	],
	"display": {
		"head": {
			"translation": [0, -24.5, 21.25],
			"scale": [2.66, 2.66, 2.66]
		}
	}
}