{
	"credit": "Made with Blockbench",
	"textures": {
		"0": "sky:block/reinforced_plating",
		"1": "sky:block/purple_stained_glass_opaque",
		"2": "minecraft:block/magma",
		"3": "minecraft:block/iron_door_bottom",
		"4": "minecraft:block/iron_door_top",
		"5": "minecraft:block/stone"
	},
	"elements": [
		{
			"from": [6, -16, -10.10227],
			"to": [10, -12, -6.10227],
			"shade": false,
			"rotation": {"angle": 0, "axis": "y", "origin": [22, 16, 21.89773]},
			"faces": {
				"north": {"uv": [0, 0, 16, 16], "texture": "#0"},
				"east": {"uv": [0, 0, 16, 16], "texture": "#0"},
				"south": {"uv": [0, 0, 16, 16], "texture": "#0"},
				"west": {"uv": [0, 0, 16, 16], "texture": "#0"},
				"down": {"uv": [0, 0, 16, 16], "texture": "#0"}
			}
		},
		{
			"from": [6, -12, -10.10227],
			"to": [10, -8, -6.10227],
			"shade": false,
			"rotation": {"angle": 0, "axis": "y", "origin": [22, 16, 21.89773]},
			"faces": {
				"north": {"uv": [0, 0, 16, 16], "texture": "#0"},
				"east": {"uv": [0, 0, 16, 16], "texture": "#0"},
				"west": {"uv": [0, 0, 16, 16], "texture": "#0"}
			}
		},
		{
			"from": [6, -8, -10.10227],
			"to": [10, -4, -6.10227],
			"shade": false,
			"rotation": {"angle": 0, "axis": "y", "origin": [22, 16, 21.89773]},
			"faces": {
				"north": {"uv": [0, 0, 16, 16], "texture": "#0"},
				"east": {"uv": [0, 0, 16, 16], "texture": "#0"},
				"west": {"uv": [0, 0, 16, 16], "texture": "#0"},
				"up": {"uv": [0, 0, 16, 16], "texture": "#0"}
			}
		},
		{
			"from": [6, -12, -6.10227],
			"to": [10, -8, -2.10227],
			"shade": false,
			"rotation": {"angle": 0, "axis": "y", "origin": [22, 16, 21.89773]},
			"faces": {
				"east": {"uv": [0, 0, 16, 16], "texture": "#0"},
				"south": {"uv": [0, 0, 16, 16], "texture": "#0"},
				"west": {"uv": [0, 0, 16, 16], "texture": "#0"},
				"down": {"uv": [0, 0, 16, 16], "texture": "#0"}
			}
		},
		{
			"from": [6, -8, -6.10227],
			"to": [10, -4, -2.10227],
			"shade": false,
			"rotation": {"angle": 0, "axis": "y", "origin": [22, 16, 21.89773]},
			"faces": {
				"east": {"uv": [0, 0, 16, 16], "texture": "#0"},
				"west": {"uv": [0, 0, 16, 16], "texture": "#0"}
			}
		},
		{
			"from": [6, -4, -6.10227],
			"to": [10, 0, -2.10227],
			"shade": false,
			"rotation": {"angle": 0, "axis": "y", "origin": [22, 16, 21.89773]},
			"faces": {
				"north": {"uv": [0, 0, 16, 16], "texture": "#0"},
				"east": {"uv": [0, 0, 16, 16], "texture": "#0"},
				"west": {"uv": [0, 0, 16, 16], "texture": "#0"},
				"up": {"uv": [0, 0, 16, 16], "texture": "#0"}
			}
		},
		{
			"from": [2, -8, -2.10227],
			"to": [6, -4, 1.89773],
			"shade": false,
			"rotation": {"angle": 0, "axis": "y", "origin": [22, 16, 21.89773]},
			"faces": {
				"north": {"uv": [0, 0, 16, 16], "texture": "#0"},
				"south": {"uv": [0, 0, 16, 16], "texture": "#0"},
				"west": {"uv": [0, 0, 16, 16], "texture": "#0"},
				"down": {"uv": [0, 0, 16, 16], "texture": "#0"}
			}
		},
		{
			"from": [6, -8, -2.10227],
			"to": [10, -4, 1.89773],
			"shade": false,
			"rotation": {"angle": 0, "axis": "y", "origin": [22, 16, 21.89773]},
			"faces": {
				"south": {"uv": [0, 0, 16, 16], "texture": "#0"},
				"down": {"uv": [0, 0, 16, 16], "texture": "#0"}
			}
		},
		{
			"from": [10, -8, -2.10227],
			"to": [14, -4, 1.89773],
			"shade": false,
			"rotation": {"angle": 0, "axis": "y", "origin": [22, 16, 21.89773]},
			"faces": {
				"north": {"uv": [0, 0, 16, 16], "texture": "#0"},
				"east": {"uv": [0, 0, 16, 16], "texture": "#0"},
				"south": {"uv": [0, 0, 16, 16], "texture": "#0"},
				"down": {"uv": [0, 0, 16, 16], "texture": "#0"}
			}
		},
		{
			"from": [2, -4, -2.10227],
			"to": [6, 0, 1.89773],
			"shade": false,
			"rotation": {"angle": 0, "axis": "y", "origin": [22, 16, 21.89773]},
			"faces": {
				"north": {"uv": [0, 0, 16, 16], "texture": "#0"},
				"west": {"uv": [0, 0, 16, 16], "texture": "#0"}
			}
		},
		{
			"from": [10, -4, -2.10227],
			"to": [14, 0, 1.89773],
			"shade": false,
			"rotation": {"angle": 0, "axis": "y", "origin": [22, 16, 21.89773]},
			"faces": {
				"north": {"uv": [0, 0, 16, 16], "texture": "#0"},
				"east": {"uv": [0, 0, 16, 16], "texture": "#0"}
			}
		},
		{
			"from": [2, 0, -2.10227],
			"to": [6, 4, 1.89773],
			"shade": false,
			"rotation": {"angle": 0, "axis": "y", "origin": [22, 16, 21.89773]},
			"faces": {
				"north": {"uv": [0, 0, 16, 16], "texture": "#0"},
				"west": {"uv": [0, 0, 16, 16], "texture": "#0"}
			}
		},
		{
			"from": [6, 0, -2.10227],
			"to": [10, 4, 1.89773],
			"shade": false,
			"rotation": {"angle": 0, "axis": "y", "origin": [22, 16, 21.89773]},
			"faces": {
				"north": {"uv": [0, 0, 16, 16], "texture": "#0"},
				"up": {"uv": [0, 0, 16, 16], "texture": "#0"}
			}
		},
		{
			"from": [10, 0, -2.10227],
			"to": [14, 4, 1.89773],
			"shade": false,
			"rotation": {"angle": 0, "axis": "y", "origin": [22, 16, 21.89773]},
			"faces": {
				"north": {"uv": [0, 0, 16, 16], "texture": "#0"},
				"east": {"uv": [0, 0, 16, 16], "texture": "#0"}
			}
		},
		{
			"from": [2, 4, -2.10227],
			"to": [6, 8, 1.89773],
			"shade": false,
			"rotation": {"angle": 0, "axis": "y", "origin": [22, 16, 21.89773]},
			"faces": {
				"north": {"uv": [0, 0, 16, 16], "texture": "#0"},
				"east": {"uv": [0, 0, 16, 16], "texture": "#0"},
				"south": {"uv": [0, 0, 16, 16], "texture": "#0"},
				"west": {"uv": [0, 0, 16, 16], "texture": "#0"}
			}
		},
		{
			"from": [6, 4, -2.10227],
			"to": [10, 8, 1.89773],
			"shade": false,
			"rotation": {"angle": 0, "axis": "y", "origin": [22, 16, 21.89773]},
			"faces": {
				"north": {"uv": [0, 0, 16, 16], "texture": "#1"},
				"south": {"uv": [0, 0, 16, 16], "texture": "#1"}
			}
		},
		{
			"from": [10, 4, -2.10227],
			"to": [14, 8, 1.89773],
			"shade": false,
			"rotation": {"angle": 0, "axis": "y", "origin": [22, 16, 21.89773]},
			"faces": {
				"north": {"uv": [0, 0, 16, 16], "texture": "#0"},
				"east": {"uv": [0, 0, 16, 16], "texture": "#0"},
				"south": {"uv": [0, 0, 16, 16], "texture": "#0"},
				"west": {"uv": [0, 0, 16, 16], "texture": "#0"}
			}
		},
		{
			"from": [2, 8, -2.10227],
			"to": [6, 12, 1.89773],
			"shade": false,
			"rotation": {"angle": 0, "axis": "y", "origin": [22, 16, 21.89773]},
			"faces": {
				"north": {"uv": [0, 0, 16, 16], "texture": "#0"},
				"east": {"uv": [0, 0, 16, 16], "texture": "#0"},
				"south": {"uv": [0, 0, 16, 16], "texture": "#0"},
				"west": {"uv": [0, 0, 16, 16], "texture": "#0"}
			}
		},
		{
			"from": [6, 8, -2.10227],
			"to": [10, 12, 1.89773],
			"shade": false,
			"rotation": {"angle": 0, "axis": "y", "origin": [22, 16, 21.89773]},
			"faces": {
				"north": {"uv": [0, 0, 16, 16], "texture": "#1"},
				"south": {"uv": [0, 0, 16, 16], "texture": "#1"}
			}
		},
		{
			"from": [10, 8, -2.10227],
			"to": [14, 12, 1.89773],
			"shade": false,
			"rotation": {"angle": 0, "axis": "y", "origin": [22, 16, 21.89773]},
			"faces": {
				"north": {"uv": [0, 0, 16, 16], "texture": "#0"},
				"east": {"uv": [0, 0, 16, 16], "texture": "#0"},
				"south": {"uv": [0, 0, 16, 16], "texture": "#0"},
				"west": {"uv": [0, 0, 16, 16], "texture": "#0"}
			}
		},
		{
			"from": [2, 12, -2.10227],
			"to": [6, 16, 1.89773],
			"shade": false,
			"rotation": {"angle": 0, "axis": "y", "origin": [22, 16, 21.89773]},
			"faces": {
				"north": {"uv": [0, 0, 16, 16], "texture": "#0"},
				"south": {"uv": [0, 0, 16, 16], "texture": "#0"},
				"west": {"uv": [0, 0, 16, 16], "texture": "#0"},
				"up": {"uv": [0, 0, 16, 16], "texture": "#0"}
			}
		},
		{
			"from": [6, 12, -2.10227],
			"to": [10, 16, 1.89773],
			"shade": false,
			"rotation": {"angle": 0, "axis": "y", "origin": [22, 16, 21.89773]},
			"faces": {
				"north": {"uv": [0, 0, 16, 16], "texture": "#0"},
				"south": {"uv": [0, 0, 16, 16], "texture": "#0"},
				"down": {"uv": [0, 0, 16, 16], "texture": "#0"}
			}
		},
		{
			"from": [10, 12, -2.10227],
			"to": [14, 16, 1.89773],
			"shade": false,
			"rotation": {"angle": 0, "axis": "y", "origin": [22, 16, 21.89773]},
			"faces": {
				"north": {"uv": [0, 0, 16, 16], "texture": "#0"},
				"east": {"uv": [0, 0, 16, 16], "texture": "#0"},
				"south": {"uv": [0, 0, 16, 16], "texture": "#0"},
				"up": {"uv": [0, 0, 16, 16], "texture": "#0"}
			}
		},
		{
			"from": [6, 16, -2.10227],
			"to": [10, 20, 1.89773],
			"shade": false,
			"rotation": {"angle": 0, "axis": "y", "origin": [22, 16, 21.89773]},
			"faces": {
				"north": {"uv": [0, 0, 16, 16], "texture": "#0"},
				"east": {"uv": [0, 0, 16, 16], "texture": "#0"},
				"south": {"uv": [0, 0, 16, 16], "texture": "#0"},
				"west": {"uv": [0, 0, 16, 16], "texture": "#0"},
				"up": {"uv": [0, 0, 16, 16], "texture": "#0"}
			}
		},
		{
			"from": [-2, -8, 1.89773],
			"to": [2, -4, 5.89773],
			"shade": false,
			"rotation": {"angle": 0, "axis": "y", "origin": [22, 16, 21.89773]},
			"faces": {
				"north": {"uv": [0, 0, 16, 16], "texture": "#0"},
				"east": {"uv": [0, 0, 16, 16], "texture": "#0"},
				"west": {"uv": [0, 0, 16, 16], "texture": "#0"},
				"down": {"uv": [0, 0, 16, 16], "texture": "#0"}
			}
		},
		{
			"from": [14, -8, 1.89773],
			"to": [18, -4, 5.89773],
			"shade": false,
			"rotation": {"angle": 0, "axis": "y", "origin": [22, 16, 21.89773]},
			"faces": {
				"north": {"uv": [0, 0, 16, 16], "texture": "#0"},
				"east": {"uv": [0, 0, 16, 16], "texture": "#0"},
				"west": {"uv": [0, 0, 16, 16], "texture": "#0"},
				"down": {"uv": [0, 0, 16, 16], "texture": "#0"}
			}
		},
		{
			"from": [-2, -4, 1.89773],
			"to": [2, 0, 5.89773],
			"shade": false,
			"rotation": {"angle": 0, "axis": "y", "origin": [22, 16, 21.89773]},
			"faces": {
				"north": {"uv": [0, 0, 16, 16], "texture": "#0"},
				"west": {"uv": [0, 0, 16, 16], "texture": "#0"}
			}
		},
		{
			"from": [2, -4, 1.89773],
			"to": [6, 0, 5.89773],
			"shade": false,
			"rotation": {"angle": 0, "axis": "y", "origin": [22, 16, 21.89773]},
			"faces": {
				"down": {"uv": [0, 0, 16, 16], "texture": "#2"}
			}
		},
		{
			"from": [6, -4, 1.89773],
			"to": [10, 0, 5.89773],
			"shade": false,
			"rotation": {"angle": 0, "axis": "y", "origin": [22, 16, 21.89773]},
			"faces": {
				"down": {"uv": [0, 0, 16, 16], "texture": "#2"}
			}
		},
		{
			"from": [10, -4, 1.89773],
			"to": [14, 0, 5.89773],
			"shade": false,
			"rotation": {"angle": 0, "axis": "y", "origin": [22, 16, 21.89773]},
			"faces": {
				"down": {"uv": [0, 0, 16, 16], "texture": "#2"}
			}
		},
		{
			"from": [14, -4, 1.89773],
			"to": [18, 0, 5.89773],
			"shade": false,
			"rotation": {"angle": 0, "axis": "y", "origin": [22, 16, 21.89773]},
			"faces": {
				"north": {"uv": [0, 0, 16, 16], "texture": "#0"},
				"east": {"uv": [0, 0, 16, 16], "texture": "#0"}
			}
		},
		{
			"from": [-2, 0, 1.89773],
			"to": [2, 4, 5.89773],
			"shade": false,
			"rotation": {"angle": 0, "axis": "y", "origin": [22, 16, 21.89773]},
			"faces": {
				"north": {"uv": [0, 0, 16, 16], "texture": "#0"},
				"west": {"uv": [0, 0, 16, 16], "texture": "#0"}
			}
		},
		{
			"from": [2, 0, 1.89773],
			"to": [6, 4, 5.89773],
			"shade": false,
			"rotation": {"angle": 0, "axis": "y", "origin": [22, 16, 21.89773]},
			"faces": {
				"up": {"uv": [0, 0, 16, 16], "texture": "#0"}
			}
		},
		{
			"from": [6, 0, 1.89773],
			"to": [10, 4, 5.89773],
			"shade": false,
			"rotation": {"angle": 0, "axis": "y", "origin": [22, 16, 21.89773]},
			"faces": {
				"up": {"uv": [0, 0, 16, 16], "texture": "#0"}
			}
		},
		{
			"from": [10, 0, 1.89773],
			"to": [14, 4, 5.89773],
			"shade": false,
			"rotation": {"angle": 0, "axis": "y", "origin": [22, 16, 21.89773]},
			"faces": {
				"up": {"uv": [0, 0, 16, 16], "texture": "#0"}
			}
		},
		{
			"from": [14, 0, 1.89773],
			"to": [18, 4, 5.89773],
			"shade": false,
			"rotation": {"angle": 0, "axis": "y", "origin": [22, 16, 21.89773]},
			"faces": {
				"north": {"uv": [0, 0, 16, 16], "texture": "#0"},
				"east": {"uv": [0, 0, 16, 16], "texture": "#0"}
			}
		},
		{
			"from": [-2, 4, 1.89773],
			"to": [2, 8, 5.89773],
			"shade": false,
			"rotation": {"angle": 0, "axis": "y", "origin": [22, 16, 21.89773]},
			"faces": {
				"north": {"uv": [0, 0, 16, 16], "texture": "#0"},
				"east": {"uv": [0, 0, 16, 16], "texture": "#0"},
				"south": {"uv": [0, 0, 16, 16], "texture": "#0"},
				"west": {"uv": [0, 0, 16, 16], "texture": "#0"}
			}
		},
		{
			"from": [14, 4, 1.89773],
			"to": [18, 8, 5.89773],
			"shade": false,
			"rotation": {"angle": 0, "axis": "y", "origin": [22, 16, 21.89773]},
			"faces": {
				"north": {"uv": [0, 0, 16, 16], "texture": "#0"},
				"east": {"uv": [0, 0, 16, 16], "texture": "#0"},
				"south": {"uv": [0, 0, 16, 16], "texture": "#0"},
				"west": {"uv": [0, 0, 16, 16], "texture": "#0"}
			}
		},
		{
			"from": [-2, 8, 1.89773],
			"to": [2, 12, 5.89773],
			"shade": false,
			"rotation": {"angle": 0, "axis": "y", "origin": [22, 16, 21.89773]},
			"faces": {
				"north": {"uv": [0, 0, 16, 16], "texture": "#0"},
				"east": {"uv": [0, 0, 16, 16], "texture": "#0"},
				"south": {"uv": [0, 0, 16, 16], "texture": "#0"},
				"west": {"uv": [0, 0, 16, 16], "texture": "#0"}
			}
		},
		{
			"from": [14, 8, 1.89773],
			"to": [18, 12, 5.89773],
			"shade": false,
			"rotation": {"angle": 0, "axis": "y", "origin": [22, 16, 21.89773]},
			"faces": {
				"north": {"uv": [0, 0, 16, 16], "texture": "#0"},
				"east": {"uv": [0, 0, 16, 16], "texture": "#0"},
				"south": {"uv": [0, 0, 16, 16], "texture": "#0"},
				"west": {"uv": [0, 0, 16, 16], "texture": "#0"}
			}
		},
		{
			"from": [-2, 12, 1.89773],
			"to": [2, 16, 5.89773],
			"shade": false,
			"rotation": {"angle": 0, "axis": "y", "origin": [22, 16, 21.89773]},
			"faces": {
				"north": {"uv": [0, 0, 16, 16], "texture": "#0"},
				"east": {"uv": [0, 0, 16, 16], "texture": "#0"},
				"west": {"uv": [0, 0, 16, 16], "texture": "#0"},
				"up": {"uv": [0, 0, 16, 16], "texture": "#0"}
			}
		},
		{
			"from": [14, 12, 1.89773],
			"to": [18, 16, 5.89773],
			"shade": false,
			"rotation": {"angle": 0, "axis": "y", "origin": [22, 16, 21.89773]},
			"faces": {
				"north": {"uv": [0, 0, 16, 16], "texture": "#0"},
				"east": {"uv": [0, 0, 16, 16], "texture": "#0"},
				"west": {"uv": [0, 0, 16, 16], "texture": "#0"},
				"up": {"uv": [0, 0, 16, 16], "texture": "#0"}
			}
		},
		{
			"from": [2, 16, 1.89773],
			"to": [6, 20, 5.89773],
			"shade": false,
			"rotation": {"angle": 0, "axis": "y", "origin": [22, 16, 21.89773]},
			"faces": {
				"north": {"uv": [0, 0, 16, 16], "texture": "#0"},
				"east": {"uv": [0, 0, 16, 16], "texture": "#0"},
				"south": {"uv": [0, 0, 16, 16], "texture": "#0"},
				"west": {"uv": [0, 0, 16, 16], "texture": "#0"},
				"down": {"uv": [0, 0, 16, 16], "texture": "#0"}
			}
		},
		{
			"from": [10, 16, 1.89773],
			"to": [14, 20, 5.89773],
			"shade": false,
			"rotation": {"angle": 0, "axis": "y", "origin": [22, 16, 21.89773]},
			"faces": {
				"north": {"uv": [0, 0, 16, 16], "texture": "#0"},
				"east": {"uv": [0, 0, 16, 16], "texture": "#0"},
				"south": {"uv": [0, 0, 16, 16], "texture": "#0"},
				"west": {"uv": [0, 0, 16, 16], "texture": "#0"},
				"down": {"uv": [0, 0, 16, 16], "texture": "#0"}
			}
		},
		{
			"from": [2, 20, 1.89773],
			"to": [6, 24, 5.89773],
			"shade": false,
			"rotation": {"angle": 0, "axis": "y", "origin": [22, 16, 21.89773]},
			"faces": {
				"north": {"uv": [0, 0, 16, 16], "texture": "#0"},
				"west": {"uv": [0, 0, 16, 16], "texture": "#0"},
				"up": {"uv": [0, 0, 16, 16], "texture": "#0"}
			}
		},
		{
			"from": [6, 20, 1.89773],
			"to": [10, 24, 5.89773],
			"shade": false,
			"rotation": {"angle": 0, "axis": "y", "origin": [22, 16, 21.89773]},
			"faces": {
				"north": {"uv": [0, 0, 16, 16], "texture": "#0"},
				"south": {"uv": [0, 0, 16, 16], "texture": "#0"},
				"down": {"uv": [0, 0, 16, 16], "texture": "#0"}
			}
		},
		{
			"from": [10, 20, 1.89773],
			"to": [14, 24, 5.89773],
			"shade": false,
			"rotation": {"angle": 0, "axis": "y", "origin": [22, 16, 21.89773]},
			"faces": {
				"north": {"uv": [0, 0, 16, 16], "texture": "#0"},
				"east": {"uv": [0, 0, 16, 16], "texture": "#0"},
				"up": {"uv": [0, 0, 16, 16], "texture": "#0"}
			}
		},
		{
			"from": [6, 24, 1.89773],
			"to": [10, 28, 5.89773],
			"shade": false,
			"rotation": {"angle": 0, "axis": "y", "origin": [22, 16, 21.89773]},
			"faces": {
				"north": {"uv": [0, 0, 16, 16], "texture": "#0"},
				"east": {"uv": [0, 0, 16, 16], "texture": "#0"},
				"south": {"uv": [0, 0, 16, 16], "texture": "#0"},
				"west": {"uv": [0, 0, 16, 16], "texture": "#0"},
				"up": {"uv": [0, 0, 16, 16], "texture": "#0"}
			}
		},
		{
			"from": [-10, -16, 5.89773],
			"to": [-6, -12, 9.89773],
			"shade": false,
			"rotation": {"angle": 0, "axis": "y", "origin": [22, 16, 21.89773]},
			"faces": {
				"north": {"uv": [0, 0, 16, 16], "texture": "#0"},
				"east": {"uv": [0, 0, 16, 16], "texture": "#0"},
				"south": {"uv": [0, 0, 16, 16], "texture": "#0"},
				"west": {"uv": [0, 0, 16, 16], "texture": "#0"},
				"down": {"uv": [0, 0, 16, 16], "texture": "#0"}
			}
		},
		{
			"from": [22, -16, 5.89773],
			"to": [26, -12, 9.89773],
			"shade": false,
			"rotation": {"angle": 0, "axis": "y", "origin": [22, 16, 21.89773]},
			"faces": {
				"north": {"uv": [0, 0, 16, 16], "texture": "#0"},
				"east": {"uv": [0, 0, 16, 16], "texture": "#0"},
				"south": {"uv": [0, 0, 16, 16], "texture": "#0"},
				"west": {"uv": [0, 0, 16, 16], "texture": "#0"},
				"down": {"uv": [0, 0, 16, 16], "texture": "#0"}
			}
		},
		{
			"from": [-10, -12, 5.89773],
			"to": [-6, -8, 9.89773],
			"shade": false,
			"rotation": {"angle": 0, "axis": "y", "origin": [22, 16, 21.89773]},
			"faces": {
				"north": {"uv": [0, 0, 16, 16], "texture": "#0"},
				"south": {"uv": [0, 0, 16, 16], "texture": "#0"},
				"west": {"uv": [0, 0, 16, 16], "texture": "#0"}
			}
		},
		{
			"from": [-6, -12, 5.89773],
			"to": [-2, -8, 9.89773],
			"shade": false,
			"rotation": {"angle": 0, "axis": "y", "origin": [22, 16, 21.89773]},
			"faces": {
				"north": {"uv": [0, 0, 16, 16], "texture": "#0"},
				"east": {"uv": [0, 0, 16, 16], "texture": "#0"},
				"south": {"uv": [0, 0, 16, 16], "texture": "#0"},
				"down": {"uv": [0, 0, 16, 16], "texture": "#0"}
			}
		},
		{
			"from": [18, -12, 5.89773],
			"to": [22, -8, 9.89773],
			"shade": false,
			"rotation": {"angle": 0, "axis": "y", "origin": [22, 16, 21.89773]},
			"faces": {
				"north": {"uv": [0, 0, 16, 16], "texture": "#0"},
				"south": {"uv": [0, 0, 16, 16], "texture": "#0"},
				"west": {"uv": [0, 0, 16, 16], "texture": "#0"},
				"down": {"uv": [0, 0, 16, 16], "texture": "#0"}
			}
		},
		{
			"from": [22, -12, 5.89773],
			"to": [26, -8, 9.89773],
			"shade": false,
			"rotation": {"angle": 0, "axis": "y", "origin": [22, 16, 21.89773]},
			"faces": {
				"north": {"uv": [0, 0, 16, 16], "texture": "#0"},
				"east": {"uv": [0, 0, 16, 16], "texture": "#0"},
				"south": {"uv": [0, 0, 16, 16], "texture": "#0"}
			}
		},
		{
			"from": [-10, -8, 5.89773],
			"to": [-6, -4, 9.89773],
			"shade": false,
			"rotation": {"angle": 0, "axis": "y", "origin": [22, 16, 21.89773]},
			"faces": {
				"north": {"uv": [0, 0, 16, 16], "texture": "#0"},
				"south": {"uv": [0, 0, 16, 16], "texture": "#0"},
				"west": {"uv": [0, 0, 16, 16], "texture": "#0"},
				"up": {"uv": [0, 0, 16, 16], "texture": "#0"}
			}
		},
		{
			"from": [-6, -8, 5.89773],
			"to": [-2, -4, 9.89773],
			"shade": false,
			"rotation": {"angle": 0, "axis": "y", "origin": [22, 16, 21.89773]},
			"faces": {
				"north": {"uv": [0, 0, 16, 16], "texture": "#0"},
				"south": {"uv": [0, 0, 16, 16], "texture": "#0"}
			}
		},
		{
			"from": [-2, -8, 5.89773],
			"to": [2, -4, 9.89773],
			"shade": false,
			"rotation": {"angle": 0, "axis": "y", "origin": [22, 16, 21.89773]},
			"faces": {
				"east": {"uv": [0, 0, 16, 16], "texture": "#0"},
				"down": {"uv": [0, 0, 16, 16], "texture": "#0"}
			}
		},
		{
			"from": [14, -8, 5.89773],
			"to": [18, -4, 9.89773],
			"shade": false,
			"rotation": {"angle": 0, "axis": "y", "origin": [22, 16, 21.89773]},
			"faces": {
				"west": {"uv": [0, 0, 16, 16], "texture": "#0"},
				"down": {"uv": [0, 0, 16, 16], "texture": "#0"}
			}
		},
		{
			"from": [18, -8, 5.89773],
			"to": [22, -4, 9.89773],
			"shade": false,
			"rotation": {"angle": 0, "axis": "y", "origin": [22, 16, 21.89773]},
			"faces": {
				"north": {"uv": [0, 0, 16, 16], "texture": "#0"},
				"south": {"uv": [0, 0, 16, 16], "texture": "#0"}
			}
		},
		{
			"from": [22, -8, 5.89773],
			"to": [26, -4, 9.89773],
			"shade": false,
			"rotation": {"angle": 0, "axis": "y", "origin": [22, 16, 21.89773]},
			"faces": {
				"north": {"uv": [0, 0, 16, 16], "texture": "#0"},
				"east": {"uv": [0, 0, 16, 16], "texture": "#0"},
				"south": {"uv": [0, 0, 16, 16], "texture": "#0"},
				"up": {"uv": [0, 0, 16, 16], "texture": "#0"}
			}
		},
		{
			"from": [-6, -4, 5.89773],
			"to": [-2, 0, 9.89773],
			"shade": false,
			"rotation": {"angle": 0, "axis": "y", "origin": [22, 16, 21.89773]},
			"faces": {
				"north": {"uv": [0, 0, 16, 16], "texture": "#0"},
				"south": {"uv": [0, 0, 16, 16], "texture": "#0"},
				"west": {"uv": [0, 0, 16, 16], "texture": "#0"},
				"up": {"uv": [0, 0, 16, 16], "texture": "#0"}
			}
		},
		{
			"from": [2, -4, 5.89773],
			"to": [6, 0, 9.89773],
			"shade": false,
			"rotation": {"angle": 0, "axis": "y", "origin": [22, 16, 21.89773]},
			"faces": {
				"down": {"uv": [0, 0, 16, 16], "texture": "#2"}
			}
		},
		{
			"from": [6, -4, 5.89773],
			"to": [10, 0, 9.89773],
			"shade": false,
			"rotation": {"angle": 0, "axis": "y", "origin": [22, 16, 21.89773]},
			"faces": {
				"down": {"uv": [0, 0, 16, 16], "texture": "#2"}
			}
		},
		{
			"from": [10, -4, 5.89773],
			"to": [14, 0, 9.89773],
			"shade": false,
			"rotation": {"angle": 0, "axis": "y", "origin": [22, 16, 21.89773]},
			"faces": {
				"down": {"uv": [0, 0, 16, 16], "texture": "#2"}
			}
		},
		{
			"from": [18, -4, 5.89773],
			"to": [22, 0, 9.89773],
			"shade": false,
			"rotation": {"angle": 0, "axis": "y", "origin": [22, 16, 21.89773]},
			"faces": {
				"north": {"uv": [0, 0, 16, 16], "texture": "#0"},
				"east": {"uv": [0, 0, 16, 16], "texture": "#0"},
				"south": {"uv": [0, 0, 16, 16], "texture": "#0"},
				"up": {"uv": [0, 0, 16, 16], "texture": "#0"}
			}
		},
		{
			"from": [-2, 0, 5.89773],
			"to": [2, 4, 9.89773],
			"shade": false,
			"rotation": {"angle": 0, "axis": "y", "origin": [22, 16, 21.89773]},
			"faces": {
				"west": {"uv": [0, 0, 16, 16], "texture": "#0"},
				"up": {"uv": [0, 0, 16, 16], "texture": "#0"}
			}
		},
		{
			"from": [2, 0, 5.89773],
			"to": [6, 4, 9.89773],
			"shade": false,
			"rotation": {"angle": 0, "axis": "y", "origin": [22, 16, 21.89773]},
			"faces": {
				"up": {"uv": [0, 0, 16, 16], "texture": "#0"}
			}
		},
		{
			"from": [6, 0, 5.89773],
			"to": [10, 4, 9.89773],
			"shade": false,
			"rotation": {"angle": 0, "axis": "y", "origin": [22, 16, 21.89773]},
			"faces": {
				"up": {"uv": [0, 0, 16, 16], "texture": "#0"}
			}
		},
		{
			"from": [10, 0, 5.89773],
			"to": [14, 4, 9.89773],
			"shade": false,
			"rotation": {"angle": 0, "axis": "y", "origin": [22, 16, 21.89773]},
			"faces": {
				"up": {"uv": [0, 0, 16, 16], "texture": "#0"}
			}
		},
		{
			"from": [14, 0, 5.89773],
			"to": [18, 4, 9.89773],
			"shade": false,
			"rotation": {"angle": 0, "axis": "y", "origin": [22, 16, 21.89773]},
			"faces": {
				"east": {"uv": [0, 0, 16, 16], "texture": "#0"},
				"up": {"uv": [0, 0, 16, 16], "texture": "#0"}
			}
		},
		{
			"from": [-2, 4, 5.89773],
			"to": [2, 8, 9.89773],
			"shade": false,
			"rotation": {"angle": 0, "axis": "y", "origin": [22, 16, 21.89773]},
			"faces": {
				"east": {"uv": [0, 0, 16, 16], "texture": "#1"},
				"west": {"uv": [0, 0, 16, 16], "texture": "#1"}
			}
		},
		{
			"from": [14, 4, 5.89773],
			"to": [18, 8, 9.89773],
			"shade": false,
			"rotation": {"angle": 0, "axis": "y", "origin": [22, 16, 21.89773]},
			"faces": {
				"east": {"uv": [0, 0, 16, 16], "texture": "#1"},
				"west": {"uv": [0, 0, 16, 16], "texture": "#1"}
			}
		},
		{
			"from": [-2, 8, 5.89773],
			"to": [2, 12, 9.89773],
			"shade": false,
			"rotation": {"angle": 0, "axis": "y", "origin": [22, 16, 21.89773]},
			"faces": {
				"east": {"uv": [0, 0, 16, 16], "texture": "#1"},
				"west": {"uv": [0, 0, 16, 16], "texture": "#1"}
			}
		},
		{
			"from": [14, 8, 5.89773],
			"to": [18, 12, 9.89773],
			"shade": false,
			"rotation": {"angle": 0, "axis": "y", "origin": [22, 16, 21.89773]},
			"faces": {
				"east": {"uv": [0, 0, 16, 16], "texture": "#1"},
				"west": {"uv": [0, 0, 16, 16], "texture": "#1"}
			}
		},
		{
			"from": [-2, 12, 5.89773],
			"to": [2, 16, 9.89773],
			"shade": false,
			"rotation": {"angle": 0, "axis": "y", "origin": [22, 16, 21.89773]},
			"faces": {
				"east": {"uv": [0, 0, 16, 16], "texture": "#0"},
				"west": {"uv": [0, 0, 16, 16], "texture": "#0"},
				"down": {"uv": [0, 0, 16, 16], "texture": "#0"}
			}
		},
		{
			"from": [14, 12, 5.89773],
			"to": [18, 16, 9.89773],
			"shade": false,
			"rotation": {"angle": 0, "axis": "y", "origin": [22, 16, 21.89773]},
			"faces": {
				"east": {"uv": [0, 0, 16, 16], "texture": "#0"},
				"west": {"uv": [0, 0, 16, 16], "texture": "#0"},
				"down": {"uv": [0, 0, 16, 16], "texture": "#0"}
			}
		},
		{
			"from": [-2, 16, 5.89773],
			"to": [2, 20, 9.89773],
			"shade": false,
			"rotation": {"angle": 0, "axis": "y", "origin": [22, 16, 21.89773]},
			"faces": {
				"north": {"uv": [0, 0, 16, 16], "texture": "#0"},
				"east": {"uv": [0, 0, 16, 16], "texture": "#0"},
				"south": {"uv": [0, 0, 16, 16], "texture": "#0"},
				"west": {"uv": [0, 0, 16, 16], "texture": "#0"},
				"up": {"uv": [0, 0, 16, 16], "texture": "#0"}
			}
		},
		{
			"from": [14, 16, 5.89773],
			"to": [18, 20, 9.89773],
			"shade": false,
			"rotation": {"angle": 0, "axis": "y", "origin": [22, 16, 21.89773]},
			"faces": {
				"north": {"uv": [0, 0, 16, 16], "texture": "#0"},
				"east": {"uv": [0, 0, 16, 16], "texture": "#0"},
				"south": {"uv": [0, 0, 16, 16], "texture": "#0"},
				"west": {"uv": [0, 0, 16, 16], "texture": "#0"},
				"up": {"uv": [0, 0, 16, 16], "texture": "#0"}
			}
		},
		{
			"from": [2, 20, 5.89773],
			"to": [6, 24, 9.89773],
			"shade": false,
			"rotation": {"angle": 0, "axis": "y", "origin": [22, 16, 21.89773]},
			"faces": {
				"east": {"uv": [0, 0, 16, 16], "texture": "#0"},
				"west": {"uv": [0, 0, 16, 16], "texture": "#0"},
				"down": {"uv": [0, 0, 16, 16], "texture": "#0"}
			}
		},
		{
			"from": [10, 20, 5.89773],
			"to": [14, 24, 9.89773],
			"shade": false,
			"rotation": {"angle": 0, "axis": "y", "origin": [22, 16, 21.89773]},
			"faces": {
				"east": {"uv": [0, 0, 16, 16], "texture": "#0"},
				"west": {"uv": [0, 0, 16, 16], "texture": "#0"},
				"down": {"uv": [0, 0, 16, 16], "texture": "#0"}
			}
		},
		{
			"from": [2, 24, 5.89773],
			"to": [6, 28, 9.89773],
			"shade": false,
			"rotation": {"angle": 0, "axis": "y", "origin": [22, 16, 21.89773]},
			"faces": {
				"north": {"uv": [0, 0, 16, 16], "texture": "#0"},
				"east": {"uv": [0, 0, 16, 16], "texture": "#0"},
				"south": {"uv": [0, 0, 16, 16], "texture": "#0"},
				"west": {"uv": [0, 0, 16, 16], "texture": "#0"},
				"up": {"uv": [0, 0, 16, 16], "texture": "#0"}
			}
		},
		{
			"from": [10, 24, 5.89773],
			"to": [14, 28, 9.89773],
			"shade": false,
			"rotation": {"angle": 0, "axis": "y", "origin": [22, 16, 21.89773]},
			"faces": {
				"north": {"uv": [0, 0, 16, 16], "texture": "#0"},
				"east": {"uv": [0, 0, 16, 16], "texture": "#0"},
				"south": {"uv": [0, 0, 16, 16], "texture": "#0"},
				"west": {"uv": [0, 0, 16, 16], "texture": "#0"},
				"up": {"uv": [0, 0, 16, 16], "texture": "#0"}
			}
		},
		{
			"from": [6, 28, 5.89773],
			"to": [10, 32, 9.89773],
			"shade": false,
			"rotation": {"angle": 0, "axis": "y", "origin": [22, 16, 21.89773]},
			"faces": {
				"north": {"uv": [0, 0, 16, 16], "texture": "#0"},
				"east": {"uv": [0, 0, 16, 16], "texture": "#0"},
				"south": {"uv": [0, 0, 16, 16], "texture": "#0"},
				"west": {"uv": [0, 0, 16, 16], "texture": "#0"},
				"up": {"uv": [0, 0, 16, 16], "texture": "#0"},
				"down": {"uv": [0, 0, 16, 16], "texture": "#0"}
			}
		},
		{
			"from": [-2, -8, 9.89773],
			"to": [2, -4, 13.89773],
			"shade": false,
			"rotation": {"angle": 0, "axis": "y", "origin": [22, 16, 21.89773]},
			"faces": {
				"east": {"uv": [0, 0, 16, 16], "texture": "#0"},
				"south": {"uv": [0, 0, 16, 16], "texture": "#0"},
				"west": {"uv": [0, 0, 16, 16], "texture": "#0"},
				"down": {"uv": [0, 0, 16, 16], "texture": "#0"}
			}
		},
		{
			"from": [14, -8, 9.89773],
			"to": [18, -4, 13.89773],
			"shade": false,
			"rotation": {"angle": 0, "axis": "y", "origin": [22, 16, 21.89773]},
			"faces": {
				"east": {"uv": [0, 0, 16, 16], "texture": "#0"},
				"south": {"uv": [0, 0, 16, 16], "texture": "#0"},
				"west": {"uv": [0, 0, 16, 16], "texture": "#0"},
				"down": {"uv": [0, 0, 16, 16], "texture": "#0"}
			}
		},
		{
			"from": [-2, -4, 9.89773],
			"to": [2, 0, 13.89773],
			"shade": false,
			"rotation": {"angle": 0, "axis": "y", "origin": [22, 16, 21.89773]},
			"faces": {
				"south": {"uv": [0, 0, 16, 16], "texture": "#0"},
				"west": {"uv": [0, 0, 16, 16], "texture": "#0"}
			}
		},
		{
			"from": [2, -4, 9.89773],
			"to": [6, 0, 13.89773],
			"shade": false,
			"rotation": {"angle": 0, "axis": "y", "origin": [22, 16, 21.89773]},
			"faces": {
				"down": {"uv": [0, 0, 16, 16], "texture": "#2"}
			}
		},
		{
			"from": [6, -4, 9.89773],
			"to": [10, 0, 13.89773],
			"shade": false,
			"rotation": {"angle": 0, "axis": "y", "origin": [22, 16, 21.89773]},
			"faces": {
				"down": {"uv": [0, 0, 16, 16], "texture": "#2"}
			}
		},
		{
			"from": [10, -4, 9.89773],
			"to": [14, 0, 13.89773],
			"shade": false,
			"rotation": {"angle": 0, "axis": "y", "origin": [22, 16, 21.89773]},
			"faces": {
				"down": {"uv": [0, 0, 16, 16], "texture": "#2"}
			}
		},
		{
			"from": [14, -4, 9.89773],
			"to": [18, 0, 13.89773],
			"shade": false,
			"rotation": {"angle": 0, "axis": "y", "origin": [22, 16, 21.89773]},
			"faces": {
				"east": {"uv": [0, 0, 16, 16], "texture": "#0"},
				"south": {"uv": [0, 0, 16, 16], "texture": "#0"}
			}
		},
		{
			"from": [-2, 0, 9.89773],
			"to": [2, 4, 13.89773],
			"shade": false,
			"rotation": {"angle": 0, "axis": "y", "origin": [22, 16, 21.89773]},
			"faces": {
				"south": {"uv": [0, 0, 16, 16], "texture": "#0"},
				"west": {"uv": [0, 0, 16, 16], "texture": "#0"}
			}
		},
		{
			"from": [2, 0, 9.89773],
			"to": [6, 4, 13.89773],
			"shade": false,
			"rotation": {"angle": 0, "axis": "y", "origin": [22, 16, 21.89773]},
			"faces": {
				"up": {"uv": [0, 0, 16, 16], "texture": "#0"}
			}
		},
		{
			"from": [6, 0, 9.89773],
			"to": [10, 4, 13.89773],
			"shade": false,
			"rotation": {"angle": 0, "axis": "y", "origin": [22, 16, 21.89773]},
			"faces": {
				"up": {"uv": [0, 0, 16, 16], "texture": "#0"}
			}
		},
		{
			"from": [10, 0, 9.89773],
			"to": [14, 4, 13.89773],
			"shade": false,
			"rotation": {"angle": 0, "axis": "y", "origin": [22, 16, 21.89773]},
			"faces": {
				"up": {"uv": [0, 0, 16, 16], "texture": "#0"}
			}
		},
		{
			"from": [14, 0, 9.89773],
			"to": [18, 4, 13.89773],
			"shade": false,
			"rotation": {"angle": 0, "axis": "y", "origin": [22, 16, 21.89773]},
			"faces": {
				"east": {"uv": [0, 0, 16, 16], "texture": "#0"},
				"south": {"uv": [0, 0, 16, 16], "texture": "#0"}
			}
		},
		{
			"from": [-2, 4, 9.89773],
			"to": [2, 8, 13.89773],
			"shade": false,
			"rotation": {"angle": 0, "axis": "y", "origin": [22, 16, 21.89773]},
			"faces": {
				"north": {"uv": [0, 0, 16, 16], "texture": "#0"},
				"east": {"uv": [0, 0, 16, 16], "texture": "#0"},
				"south": {"uv": [0, 0, 16, 16], "texture": "#0"},
				"west": {"uv": [0, 0, 16, 16], "texture": "#0"}
			}
		},
		{
			"from": [14, 4, 9.89773],
			"to": [18, 8, 13.89773],
			"shade": false,
			"rotation": {"angle": 0, "axis": "y", "origin": [22, 16, 21.89773]},
			"faces": {
				"north": {"uv": [0, 0, 16, 16], "texture": "#0"},
				"east": {"uv": [0, 0, 16, 16], "texture": "#0"},
				"south": {"uv": [0, 0, 16, 16], "texture": "#0"},
				"west": {"uv": [0, 0, 16, 16], "texture": "#0"}
			}
		},
		{
			"from": [-2, 8, 9.89773],
			"to": [2, 12, 13.89773],
			"shade": false,
			"rotation": {"angle": 0, "axis": "y", "origin": [22, 16, 21.89773]},
			"faces": {
				"north": {"uv": [0, 0, 16, 16], "texture": "#0"},
				"east": {"uv": [0, 0, 16, 16], "texture": "#0"},
				"south": {"uv": [0, 0, 16, 16], "texture": "#0"},
				"west": {"uv": [0, 0, 16, 16], "texture": "#0"}
			}
		},
		{
			"from": [14, 8, 9.89773],
			"to": [18, 12, 13.89773],
			"shade": false,
			"rotation": {"angle": 0, "axis": "y", "origin": [22, 16, 21.89773]},
			"faces": {
				"north": {"uv": [0, 0, 16, 16], "texture": "#0"},
				"east": {"uv": [0, 0, 16, 16], "texture": "#0"},
				"south": {"uv": [0, 0, 16, 16], "texture": "#0"},
				"west": {"uv": [0, 0, 16, 16], "texture": "#0"}
			}
		},
		{
			"from": [-2, 12, 9.89773],
			"to": [2, 16, 13.89773],
			"shade": false,
			"rotation": {"angle": 0, "axis": "y", "origin": [22, 16, 21.89773]},
			"faces": {
				"east": {"uv": [0, 0, 16, 16], "texture": "#0"},
				"south": {"uv": [0, 0, 16, 16], "texture": "#0"},
				"west": {"uv": [0, 0, 16, 16], "texture": "#0"},
				"up": {"uv": [0, 0, 16, 16], "texture": "#0"}
			}
		},
		{
			"from": [14, 12, 9.89773],
			"to": [18, 16, 13.89773],
			"shade": false,
			"rotation": {"angle": 0, "axis": "y", "origin": [22, 16, 21.89773]},
			"faces": {
				"east": {"uv": [0, 0, 16, 16], "texture": "#0"},
				"south": {"uv": [0, 0, 16, 16], "texture": "#0"},
				"west": {"uv": [0, 0, 16, 16], "texture": "#0"},
				"up": {"uv": [0, 0, 16, 16], "texture": "#0"}
			}
		},
		{
			"from": [2, 16, 9.89773],
			"to": [6, 20, 13.89773],
			"shade": false,
			"rotation": {"angle": 0, "axis": "y", "origin": [22, 16, 21.89773]},
			"faces": {
				"north": {"uv": [0, 0, 16, 16], "texture": "#0"},
				"east": {"uv": [0, 0, 16, 16], "texture": "#0"},
				"south": {"uv": [0, 0, 16, 16], "texture": "#0"},
				"west": {"uv": [0, 0, 16, 16], "texture": "#0"},
				"down": {"uv": [0, 0, 16, 16], "texture": "#0"}
			}
		},
		{
			"from": [10, 16, 9.89773],
			"to": [14, 20, 13.89773],
			"shade": false,
			"rotation": {"angle": 0, "axis": "y", "origin": [22, 16, 21.89773]},
			"faces": {
				"north": {"uv": [0, 0, 16, 16], "texture": "#0"},
				"east": {"uv": [0, 0, 16, 16], "texture": "#0"},
				"south": {"uv": [0, 0, 16, 16], "texture": "#0"},
				"west": {"uv": [0, 0, 16, 16], "texture": "#0"},
				"down": {"uv": [0, 0, 16, 16], "texture": "#0"}
			}
		},
		{
			"from": [2, 20, 9.89773],
			"to": [6, 24, 13.89773],
			"shade": false,
			"rotation": {"angle": 0, "axis": "y", "origin": [22, 16, 21.89773]},
			"faces": {
				"south": {"uv": [0, 0, 16, 16], "texture": "#0"},
				"west": {"uv": [0, 0, 16, 16], "texture": "#0"},
				"up": {"uv": [0, 0, 16, 16], "texture": "#0"}
			}
		},
		{
			"from": [6, 20, 9.89773],
			"to": [10, 24, 13.89773],
			"shade": false,
			"rotation": {"angle": 0, "axis": "y", "origin": [22, 16, 21.89773]},
			"faces": {
				"north": {"uv": [0, 0, 16, 16], "texture": "#0"},
				"south": {"uv": [0, 0, 16, 16], "texture": "#0"},
				"down": {"uv": [0, 0, 16, 16], "texture": "#0"}
			}
		},
		{
			"from": [10, 20, 9.89773],
			"to": [14, 24, 13.89773],
			"shade": false,
			"rotation": {"angle": 0, "axis": "y", "origin": [22, 16, 21.89773]},
			"faces": {
				"east": {"uv": [0, 0, 16, 16], "texture": "#0"},
				"south": {"uv": [0, 0, 16, 16], "texture": "#0"},
				"up": {"uv": [0, 0, 16, 16], "texture": "#0"}
			}
		},
		{
			"from": [6, 24, 9.89773],
			"to": [10, 28, 13.89773],
			"shade": false,
			"rotation": {"angle": 0, "axis": "y", "origin": [22, 16, 21.89773]},
			"faces": {
				"north": {"uv": [0, 0, 16, 16], "texture": "#0"},
				"east": {"uv": [0, 0, 16, 16], "texture": "#0"},
				"south": {"uv": [0, 0, 16, 16], "texture": "#0"},
				"west": {"uv": [0, 0, 16, 16], "texture": "#0"},
				"up": {"uv": [0, 0, 16, 16], "texture": "#0"}
			}
		},
		{
			"from": [2, -8, 13.89773],
			"to": [6, -4, 17.89773],
			"shade": false,
			"rotation": {"angle": 0, "axis": "y", "origin": [22, 16, 21.89773]},
			"faces": {
				"north": {"uv": [0, 0, 16, 16], "texture": "#0"},
				"south": {"uv": [0, 0, 16, 16], "texture": "#0"},
				"west": {"uv": [0, 0, 16, 16], "texture": "#0"},
				"down": {"uv": [0, 0, 16, 16], "texture": "#0"}
			}
		},
		{
			"from": [6, -8, 13.89773],
			"to": [10, -4, 17.89773],
			"shade": false,
			"rotation": {"angle": 0, "axis": "y", "origin": [22, 16, 21.89773]},
			"faces": {
				"north": {"uv": [0, 0, 16, 16], "texture": "#0"},
				"down": {"uv": [0, 0, 16, 16], "texture": "#0"}
			}
		},
		{
			"from": [10, -8, 13.89773],
			"to": [14, -4, 17.89773],
			"shade": false,
			"rotation": {"angle": 0, "axis": "y", "origin": [22, 16, 21.89773]},
			"faces": {
				"north": {"uv": [0, 0, 16, 16], "texture": "#0"},
				"east": {"uv": [0, 0, 16, 16], "texture": "#0"},
				"south": {"uv": [0, 0, 16, 16], "texture": "#0"},
				"down": {"uv": [0, 0, 16, 16], "texture": "#0"}
			}
		},
		{
			"from": [2, -4, 13.89773],
			"to": [6, 0, 17.89773],
			"shade": false,
			"rotation": {"angle": 0, "axis": "y", "origin": [22, 16, 21.89773]},
			"faces": {
				"south": {"uv": [0, 0, 16, 16], "texture": "#0"},
				"west": {"uv": [0, 0, 16, 16], "texture": "#0"}
			}
		},
		{
			"from": [10, -4, 13.89773],
			"to": [14, 0, 17.89773],
			"shade": false,
			"rotation": {"angle": 0, "axis": "y", "origin": [22, 16, 21.89773]},
			"faces": {
				"east": {"uv": [0, 0, 16, 16], "texture": "#0"},
				"south": {"uv": [0, 0, 16, 16], "texture": "#0"}
			}
		},
		{
			"from": [2, 0, 13.89773],
			"to": [6, 4, 17.89773],
			"shade": false,
			"rotation": {"angle": 0, "axis": "y", "origin": [22, 16, 21.89773]},
			"faces": {
				"south": {"uv": [0, 0, 16, 16], "texture": "#0"},
				"west": {"uv": [0, 0, 16, 16], "texture": "#0"}
			}
		},
		{
			"from": [6, 0, 13.89773],
			"to": [10, 4, 17.89773],
			"shade": false,
			"rotation": {"angle": 0, "axis": "y", "origin": [22, 16, 21.89773]},
			"faces": {
				"south": {"uv": [0, 0, 16, 16], "texture": "#0"},
				"up": {"uv": [0, 0, 16, 16], "texture": "#0"}
			}
		},
		{
			"from": [10, 0, 13.89773],
			"to": [14, 4, 17.89773],
			"shade": false,
			"rotation": {"angle": 0, "axis": "y", "origin": [22, 16, 21.89773]},
			"faces": {
				"east": {"uv": [0, 0, 16, 16], "texture": "#0"},
				"south": {"uv": [0, 0, 16, 16], "texture": "#0"}
			}
		},
		{
			"from": [2, 4, 13.89773],
			"to": [6, 8, 17.89773],
			"shade": false,
			"rotation": {"angle": 0, "axis": "y", "origin": [22, 16, 21.89773]},
			"faces": {
				"north": {"uv": [0, 0, 16, 16], "texture": "#0"},
				"east": {"uv": [0, 0, 16, 16], "texture": "#0"},
				"south": {"uv": [0, 0, 16, 16], "texture": "#0"},
				"west": {"uv": [0, 0, 16, 16], "texture": "#0"}
			}
		},
		{
			"from": [10, 4, 13.89773],
			"to": [14, 8, 17.89773],
			"shade": false,
			"rotation": {"angle": 0, "axis": "y", "origin": [22, 16, 21.89773]},
			"faces": {
				"north": {"uv": [0, 0, 16, 16], "texture": "#0"},
				"east": {"uv": [0, 0, 16, 16], "texture": "#0"},
				"south": {"uv": [0, 0, 16, 16], "texture": "#0"},
				"west": {"uv": [0, 0, 16, 16], "texture": "#0"}
			}
		},
		{
			"from": [2, 8, 13.89773],
			"to": [6, 12, 17.89773],
			"shade": false,
			"rotation": {"angle": 0, "axis": "y", "origin": [22, 16, 21.89773]},
			"faces": {
				"north": {"uv": [0, 0, 16, 16], "texture": "#0"},
				"east": {"uv": [0, 0, 16, 16], "texture": "#0"},
				"south": {"uv": [0, 0, 16, 16], "texture": "#0"},
				"west": {"uv": [0, 0, 16, 16], "texture": "#0"}
			}
		},
		{
			"from": [10, 8, 13.89773],
			"to": [14, 12, 17.89773],
			"shade": false,
			"rotation": {"angle": 0, "axis": "y", "origin": [22, 16, 21.89773]},
			"faces": {
				"north": {"uv": [0, 0, 16, 16], "texture": "#0"},
				"east": {"uv": [0, 0, 16, 16], "texture": "#0"},
				"south": {"uv": [0, 0, 16, 16], "texture": "#0"},
				"west": {"uv": [0, 0, 16, 16], "texture": "#0"}
			}
		},
		{
			"from": [2, 12, 13.89773],
			"to": [6, 16, 17.89773],
			"shade": false,
			"rotation": {"angle": 0, "axis": "y", "origin": [22, 16, 21.89773]},
			"faces": {
				"north": {"uv": [0, 0, 16, 16], "texture": "#0"},
				"south": {"uv": [0, 0, 16, 16], "texture": "#0"},
				"west": {"uv": [0, 0, 16, 16], "texture": "#0"},
				"up": {"uv": [0, 0, 16, 16], "texture": "#0"}
			}
		},
		{
			"from": [6, 12, 13.89773],
			"to": [10, 16, 17.89773],
			"shade": false,
			"rotation": {"angle": 0, "axis": "y", "origin": [22, 16, 21.89773]},
			"faces": {
				"north": {"uv": [0, 0, 16, 16], "texture": "#0"},
				"south": {"uv": [0, 0, 16, 16], "texture": "#0"},
				"down": {"uv": [0, 0, 16, 16], "texture": "#0"}
			}
		},
		{
			"from": [10, 12, 13.89773],
			"to": [14, 16, 17.89773],
			"shade": false,
			"rotation": {"angle": 0, "axis": "y", "origin": [22, 16, 21.89773]},
			"faces": {
				"north": {"uv": [0, 0, 16, 16], "texture": "#0"},
				"east": {"uv": [0, 0, 16, 16], "texture": "#0"},
				"south": {"uv": [0, 0, 16, 16], "texture": "#0"},
				"up": {"uv": [0, 0, 16, 16], "texture": "#0"}
			}
		},
		{
			"from": [6, 16, 13.89773],
			"to": [10, 20, 17.89773],
			"shade": false,
			"rotation": {"angle": 0, "axis": "y", "origin": [22, 16, 21.89773]},
			"faces": {
				"north": {"uv": [0, 0, 16, 16], "texture": "#0"},
				"east": {"uv": [0, 0, 16, 16], "texture": "#0"},
				"south": {"uv": [0, 0, 16, 16], "texture": "#0"},
				"west": {"uv": [0, 0, 16, 16], "texture": "#0"},
				"up": {"uv": [0, 0, 16, 16], "texture": "#0"}
			}
		},
		{
			"from": [6, -12, 17.89773],
			"to": [10, -8, 21.89773],
			"shade": false,
			"rotation": {"angle": 0, "axis": "y", "origin": [22, 16, 21.89773]},
			"faces": {
				"north": {"uv": [0, 0, 16, 16], "texture": "#0"},
				"east": {"uv": [0, 0, 16, 16], "texture": "#0"},
				"west": {"uv": [0, 0, 16, 16], "texture": "#0"},
				"down": {"uv": [0, 0, 16, 16], "texture": "#0"}
			}
		},
		{
			"from": [6, -8, 17.89773],
			"to": [10, -4, 21.89773],
			"shade": false,
			"rotation": {"angle": 0, "axis": "y", "origin": [22, 16, 21.89773]},
			"faces": {
				"east": {"uv": [0, 0, 16, 16], "texture": "#0"},
				"west": {"uv": [0, 0, 16, 16], "texture": "#0"}
			}
		},
		{
			"from": [6, -4, 17.89773],
			"to": [10, 0, 21.89773],
			"shade": false,
			"rotation": {"angle": 0, "axis": "y", "origin": [22, 16, 21.89773]},
			"faces": {
				"east": {"uv": [0, 0, 16, 16], "texture": "#0"},
				"south": {"uv": [0, 0, 16, 16], "texture": "#0"},
				"west": {"uv": [0, 0, 16, 16], "texture": "#0"},
				"up": {"uv": [0, 0, 16, 16], "texture": "#0"}
			}
		},
		{
			"from": [6, -16, 21.89773],
			"to": [10, -12, 25.89773],
			"shade": false,
			"rotation": {"angle": 0, "axis": "y", "origin": [22, 16, 21.89773]},
			"faces": {
				"north": {"uv": [0, 0, 16, 16], "texture": "#0"},
				"east": {"uv": [0, 0, 16, 16], "texture": "#0"},
				"south": {"uv": [0, 0, 16, 16], "texture": "#0"},
				"west": {"uv": [0, 0, 16, 16], "texture": "#0"},
				"down": {"uv": [0, 0, 16, 16], "texture": "#0"}
			}
		},
		{
			"from": [6, -12, 21.89773],
			"to": [10, -8, 25.89773],
			"shade": false,
			"rotation": {"angle": 0, "axis": "y", "origin": [22, 16, 21.89773]},
			"faces": {
				"east": {"uv": [0, 0, 16, 16], "texture": "#0"},
				"south": {"uv": [0, 0, 16, 16], "texture": "#0"},
				"west": {"uv": [0, 0, 16, 16], "texture": "#0"}
			}
		},
		{
			"from": [6, -8, 21.89773],
			"to": [10, -4, 25.89773],
			"shade": false,
			"rotation": {"angle": 0, "axis": "y", "origin": [22, 16, 21.89773]},
			"faces": {
				"east": {"uv": [0, 0, 16, 16], "texture": "#0"},
				"south": {"uv": [0, 0, 16, 16], "texture": "#0"},
				"west": {"uv": [0, 0, 16, 16], "texture": "#0"},
				"up": {"uv": [0, 0, 16, 16], "texture": "#0"}
			}
		},
		{
			"from": [6, 4, 17.14773],
			"to": [10, 8, 17.89773],
			"shade": false,
			"rotation": {"angle": 0, "axis": "y", "origin": [22, 16, 21.89773]},
			"faces": {
				"north": {"uv": [0, 0, 16, 16], "texture": "#3"},
				"south": {"uv": [16, 0, 0, 16], "texture": "#3"},
				"down": {"uv": [13, 0, 16, 16], "rotation": 90, "texture": "#3"}
			}
		},
		{
			"from": [6, 8, 17.14773],
			"to": [10, 12, 17.89773],
			"shade": false,
			"rotation": {"angle": 0, "axis": "y", "origin": [22, 16, 21.89773]},
			"faces": {
				"north": {"uv": [0, 0, 16, 16], "texture": "#4"},
				"south": {"uv": [16, 0, 0, 16], "texture": "#4"},
				"up": {"uv": [13, 0, 16, 16], "rotation": 270, "texture": "#3"}
			}
		},
		{
			"from": [7.25, 1.5, 17.89773],
			"to": [8.75, 2.5, 18.39773],
			"shade": false,
			"rotation": {"angle": 0, "axis": "y", "origin": [22, 16, 21.89773]},
			"faces": {
				"east": {"uv": [14, 6, 16, 10], "texture": "#5"},
				"south": {"uv": [5, 10, 11, 6], "texture": "#5"},
				"west": {"uv": [0, 6, 2, 10], "texture": "#5"},
				"up": {"uv": [5, 0, 11, 2], "texture": "#5"},
				"down": {"uv": [5, 14, 11, 16], "texture": "#5"}
			}
		}
	],
	"display": {
		"thirdperson_righthand": {
			"scale": [4, 4, 4]
		},
		"head": {
			"rotation": [90, 0, -180],
			"translation": [0, -4.75, -2.75],
			"scale": [3, 3, 3]
		}
	}
}