{
    
	"parent": "minecraft:item/template_spawn_egg",
    "overrides": [
      {
        "predicate": {
          "custom_model_data": 271801
        },
        "model": "sky:entity/chloe/chloe"
      },
	  {
        "predicate": {
          "custom_model_data": 271802
        },
        "model": "sky:entity/chloe/chloe_left"
      },
	  {
        "predicate": {
          "custom_model_data": 271803
        },
        "model": "sky:entity/chloe/chloe"
      },
	  {
        "predicate": {
          "custom_model_data": 271804
        },
        "model": "sky:entity/chloe/chloe_right"
      }
    ]
}