{
    "parent": "minecraft:block/orange_stained_glass",
	"overrides": [
      {
        "predicate": {
          "custom_model_data": 271801
        },
        "model": "sky:entity/fireball/01"
      },
	  {
        "predicate": {
          "custom_model_data": 271802
        },
        "model": "sky:entity/fireball/02"
      },
	  {
        "predicate": {
          "custom_model_data": 271803
        },
        "model": "sky:entity/fireball/03"
      },
	  {
        "predicate": {
          "custom_model_data": 271804
        },
        "model": "sky:entity/fireball/04"
      },
	  {
        "predicate": {
          "custom_model_data": 271805
        },
        "model": "sky:entity/fireball/05"
      },
	  {
        "predicate": {
          "custom_model_data": 271806
        },
        "model": "sky:entity/fireball/06"
      },
	  {
        "predicate": {
          "custom_model_data": 271807
        },
        "model": "sky:entity/fireball/07"
      },
	  {
        "predicate": {
          "custom_model_data": 271808
        },
        "model": "sky:entity/fireball/08"
      },
	  {
        "predicate": {
          "custom_model_data": 271809
        },
        "model": "sky:entity/fireball/09"
      },
	  {
        "predicate": {
          "custom_model_data": 271810
        },
        "model": "sky:entity/fireball/10"
      },
	  {
        "predicate": {
          "custom_model_data": 271811
        },
        "model": "sky:entity/fireball/11"
      },
	  {
        "predicate": {
          "custom_model_data": 271812
        },
        "model": "sky:entity/fireball/12"
      },
	  {
        "predicate": {
          "custom_model_data": 271813
        },
        "model": "sky:entity/fireball/13"
      },
	  {
        "predicate": {
          "custom_model_data": 271814
        },
        "model": "sky:entity/fireball/14"
      },
	  {
        "predicate": {
          "custom_model_data": 271815
        },
        "model": "sky:entity/fireball/15"
      },
	  {
        "predicate": {
          "custom_model_data": 271816
        },
        "model": "sky:entity/fireball/16"
      }
    ]
}