{
	"generic.laser.laser_beam": {
		"sounds": [
			"sky:generic/laser/laser_beam"
		]
	},
	"generic.laser.laser": {
		"sounds": [
			"sky:generic/laser/laser"
		]
	},
	"generic.laser.laser_shot": {
		"sounds": [
			"sky:generic/laser/laser_shot"
		]
	},
	"generic.laser.tie_fighter": {
		"sounds": [
			"sky:generic/laser/tie_fighter"
		]
	},
	"generic.thunder_crack": {
		"sounds": [
			"sky:generic/thunder_crack"
		]
	},
	"generic.earthquake": {
		"sounds": [
			"sky:generic/earthquake"
		]
	},
	"generic.keystroke": {
		"sounds": [
			"sky:generic/keystroke/keystroke_1",
			"sky:generic/keystroke/keystroke_2",
			"sky:generic/keystroke/keystroke_3",
			"sky:generic/keystroke/keystroke_4",
			"sky:generic/keystroke/keystroke_5"
		]
	},
	"entity.skylinerw.creepy_sheepy": {
		"sounds": [
			"sky:entity/skylinerw/creepy_sheepy_1",
			"sky:entity/skylinerw/creepy_sheepy_2",
			"sky:entity/skylinerw/creepy_sheepy_3"
		]
	},
	"entity.skylinerw.deep_sheep": {
		"sounds": [
			"sky:entity/skylinerw/deep_sheep_1",
			"sky:entity/skylinerw/deep_sheep_2",
			"sky:entity/skylinerw/deep_sheep_3"
		]
	},
	"entity.skylinerw.boost": {
		"sounds": [
			"sky:entity/skylinerw/boost"
		]
	},
	"entity.skylinerw.scream": {
		"sounds": [
			"sky:entity/skylinerw/scream"
		]
	},
	"entity.skylinerw.vibrate": {
		"sounds": [
			"sky:entity/skylinerw/vibrate"
		]
	},
	"entity.skylinerw.flamethrower": {
		"sounds": [
			"sky:entity/skylinerw/flamethrower"
		]
	},
	"entity.skylinerw.grind": {
		"sounds": [
			"sky:entity/skylinerw/grind_1",
			"sky:entity/skylinerw/grind_2",
			"sky:entity/skylinerw/grind_3"
		]
	},
	"entity.spike.ricoche": {
		"sounds": [
			"sky:entity/spike/ricoche_1",
			"sky:entity/spike/ricoche_2",
			"sky:entity/spike/ricoche_3",
			"sky:entity/spike/ricoche_4"
		]
	},
	"entity.command_block_snake.roar": {
		"sounds": [
			"sky:entity/command_block_snake/roar"
		]
	},
	"entity.chloe.speed": {
		"sounds": [
			"sky:entity/chloe/speed"
		]
	},
	"entity.meteorite.whistle": {
		"sounds": [
			"sky:entity/meteorite/whistle_1",
			"sky:entity/meteorite/whistle_2",
			"sky:entity/meteorite/whistle_3"
		]
	},
	"entity.rocket.rocket": {
		"sounds": [
			"sky:entity/rocket/rocket"
		]
	},
	"entity.armor_stand.it_was_me": {
		"sounds": [
			"sky:entity/armor_stand/it_was_me"
		]
	},
	"entity.ufo.beam": {
		"sounds": [
			"sky:entity/ufo/beam"
		]
	},
	"item.pufferfish_cannon.empty": {
		"sounds": [
			"sky:item/pufferfish_cannon/empty"
		]
	},
	"music.dk2.intro": {
		"sounds": [
			"sky:music/dk2/intro"
		]
	},
	"music.dk2.1": {
		"sounds": [
			"sky:music/dk2/1"
		]
	},
	"music.dk2.2": {
		"sounds": [
			"sky:music/dk2/2"
		]
	},
	"music.dk2.3": {
		"sounds": [
			"sky:music/dk2/3"
		]
	},
	"music.yoshis_island.intro_1": {
		"sounds": [
			"sky:music/yoshis_island/intro_1"
		]
	},
	"music.yoshis_island.intro_2": {
		"sounds": [
			"sky:music/yoshis_island/intro_2"
		]
	},
	"music.yoshis_island.intro_3": {
		"sounds": [
			"sky:music/yoshis_island/intro_3"
		]
	},
	"music.yoshis_island.1": {
		"sounds": [
			"sky:music/yoshis_island/1"
		]
	},
	"music.yoshis_island.2": {
		"sounds": [
			"sky:music/yoshis_island/2"
		]
	},
	"music.yoshis_island.3": {
		"sounds": [
			"sky:music/yoshis_island/3"
		]
	},
	"music.yoshis_island.4": {
		"sounds": [
			"sky:music/yoshis_island/4"
		]
	},
	"music.yoshis_island.5": {
		"sounds": [
			"sky:music/yoshis_island/5"
		]
	},
	"music.yoshis_island.6": {
		"sounds": [
			"sky:music/yoshis_island/6"
		]
	},
	"music.yoshis_island.7": {
		"sounds": [
			"sky:music/yoshis_island/7"
		]
	},
	"music.snoopy.1": {
		"sounds": [
			"sky:music/snoopy/1"
		]
	},
	"music.snoopy.2": {
		"sounds": [
			"sky:music/snoopy/2"
		]
	},
	"music.snoopy.3": {
		"sounds": [
			"sky:music/snoopy/3"
		]
	},
	"music.snoopy.4": {
		"sounds": [
			"sky:music/snoopy/4"
		]
	},
	"music.snoopy.5": {
		"sounds": [
			"sky:music/snoopy/5"
		]
	},
	"music.snoopy.6": {
		"sounds": [
			"sky:music/snoopy/6"
		]
	},
	"music.funky": {
		"sounds": [
			"sky:music/funky"
		]
	}
}