{
	"credit": "Made with Blockbench",
	"textures": {
		"0": "minecraft:block/magma",
		"particle": "minecraft:block/magma"
	},
	"elements": [
		{
			"from": [1, 3, 0],
			"to": [15, 13, 17],
			"faces": {
				"north": {"uv": [0, 0, 14, 10], "texture": "#0"},
				"east": {"uv": [0, 0, 16, 10], "texture": "#0"},
				"south": {"uv": [0, 0, 14, 10], "texture": "#0"},
				"west": {"uv": [0, 0, 16, 10], "texture": "#0"},
				"up": {"uv": [0, 0, 14, 16], "texture": "#0"},
				"down": {"uv": [0, 0, 14, 16], "texture": "#0"}
			}
		},
		{
			"from": [0, -1, 3],
			"to": [16, 17, 13],
			"faces": {
				"north": {"uv": [0, 0, 16, 16], "texture": "#0"},
				"east": {"uv": [0, 0, 10, 16], "texture": "#0"},
				"south": {"uv": [0, 0, 16, 16], "texture": "#0"},
				"west": {"uv": [0, 0, 10, 16], "texture": "#0"},
				"up": {"uv": [0, 0, 16, 10], "texture": "#0"},
				"down": {"uv": [0, 0, 16, 10], "texture": "#0"}
			}
		},
		{
			"from": [3, 0, -1],
			"to": [13, 16, 16],
			"faces": {
				"north": {"uv": [0, 0, 10, 16], "texture": "#0"},
				"east": {"uv": [0, 0, 16, 16], "texture": "#0"},
				"south": {"uv": [0, 0, 10, 16], "texture": "#0"},
				"west": {"uv": [0, 0, 16, 16], "texture": "#0"},
				"up": {"uv": [0, 0, 10, 16], "texture": "#0"},
				"down": {"uv": [0, 0, 10, 16], "texture": "#0"}
			}
		},
		{
			"from": [10, 0, 10],
			"to": [19, 7, 15],
			"rotation": {"angle": 22.5, "axis": "z", "origin": [11, 8, 7]},
			"faces": {
				"north": {"uv": [0, 0, 9, 7], "texture": "#0"},
				"east": {"uv": [0, 0, 5, 7], "texture": "#0"},
				"south": {"uv": [0, 0, 9, 7], "texture": "#0"},
				"west": {"uv": [0, 0, 5, 7], "texture": "#0"},
				"up": {"uv": [0, 0, 9, 5], "texture": "#0"},
				"down": {"uv": [0, 0, 9, 5], "texture": "#0"}
			}
		},
		{
			"from": [9, 11, -5],
			"to": [14, 17, 11],
			"rotation": {"angle": 22.5, "axis": "x", "origin": [8, 10, 3]},
			"faces": {
				"north": {"uv": [0, 0, 5, 6], "texture": "#0"},
				"east": {"uv": [0, 0, 16, 6], "texture": "#0"},
				"south": {"uv": [0, 0, 5, 6], "texture": "#0"},
				"west": {"uv": [0, 0, 16, 6], "texture": "#0"},
				"up": {"uv": [0, 0, 5, 16], "texture": "#0"},
				"down": {"uv": [0, 0, 5, 16], "texture": "#0"}
			}
		},
		{
			"from": [5, 11, 4],
			"to": [21, 16, 9],
			"rotation": {"angle": 22.5, "axis": "z", "origin": [13, 10, 3]},
			"faces": {
				"north": {"uv": [0, 0, 16, 5], "texture": "#0"},
				"east": {"uv": [0, 0, 5, 5], "texture": "#0"},
				"south": {"uv": [0, 0, 16, 5], "texture": "#0"},
				"west": {"uv": [0, 0, 5, 5], "texture": "#0"},
				"up": {"uv": [0, 0, 5, 16], "rotation": 90, "texture": "#0"},
				"down": {"uv": [0, 0, 5, 16], "rotation": 270, "texture": "#0"}
			}
		},
		{
			"from": [-1, -3, 11],
			"to": [5, 4, 17],
			"rotation": {"angle": 22.5, "axis": "y", "origin": [1, -1, 14]},
			"faces": {
				"north": {"uv": [0, 0, 6, 7], "texture": "#0"},
				"east": {"uv": [0, 0, 6, 7], "texture": "#0"},
				"south": {"uv": [0, 0, 6, 7], "texture": "#0"},
				"west": {"uv": [0, 0, 6, 7], "texture": "#0"},
				"up": {"uv": [0, 0, 6, 6], "texture": "#0"},
				"down": {"uv": [0, 0, 6, 6], "texture": "#0"}
			}
		},
		{
			"from": [6, -4, 3],
			"to": [12, 7, 9],
			"rotation": {"angle": 45, "axis": "y", "origin": [8, 2, 8]},
			"faces": {
				"north": {"uv": [0, 0, 6, 11], "texture": "#0"},
				"east": {"uv": [0, 0, 6, 11], "texture": "#0"},
				"south": {"uv": [0, 0, 6, 11], "texture": "#0"},
				"west": {"uv": [0, 0, 6, 11], "texture": "#0"},
				"up": {"uv": [0, 0, 6, 6], "texture": "#0"},
				"down": {"uv": [0, 0, 6, 6], "texture": "#0"}
			}
		},
		{
			"from": [5, 7, 9],
			"to": [21, 13, 14],
			"rotation": {"angle": -22.5, "axis": "x", "origin": [13, 9, 8]},
			"faces": {
				"north": {"uv": [0, 0, 16, 6], "texture": "#0"},
				"east": {"uv": [0, 0, 5, 6], "texture": "#0"},
				"south": {"uv": [0, 0, 16, 6], "texture": "#0"},
				"west": {"uv": [0, 0, 5, 6], "texture": "#0"},
				"up": {"uv": [0, 0, 16, 5], "texture": "#0"},
				"down": {"uv": [0, 0, 16, 5], "texture": "#0"}
			}
		},
		{
			"from": [5, 6, 5],
			"to": [20, 11, 10],
			"rotation": {"angle": 45, "axis": "x", "origin": [13, 7, 4]},
			"faces": {
				"north": {"uv": [0, 0, 15, 5], "texture": "#0"},
				"east": {"uv": [0, 0, 5, 5], "texture": "#0"},
				"south": {"uv": [0, 0, 15, 5], "texture": "#0"},
				"west": {"uv": [0, 0, 5, 5], "texture": "#0"},
				"up": {"uv": [0, 0, 15, 5], "texture": "#0"},
				"down": {"uv": [0, 0, 15, 5], "texture": "#0"}
			}
		},
		{
			"from": [10, -2, 9],
			"to": [14, 7, 15],
			"rotation": {"angle": -22.5, "axis": "x", "origin": [11, 6, 16]},
			"faces": {
				"north": {"uv": [0, 0, 4, 9], "rotation": 180, "texture": "#0"},
				"east": {"uv": [0, 0, 9, 6], "rotation": 270, "texture": "#0"},
				"south": {"uv": [0, 0, 4, 9], "texture": "#0"},
				"west": {"uv": [0, 0, 9, 6], "rotation": 90, "texture": "#0"},
				"up": {"uv": [0, 0, 4, 6], "rotation": 180, "texture": "#0"},
				"down": {"uv": [0, 0, 4, 6], "texture": "#0"}
			}
		},
		{
			"from": [6, 12, 12],
			"to": [12, 16, 21],
			"rotation": {"angle": 22.5, "axis": "z", "origin": [8, 11, 13]},
			"faces": {
				"north": {"uv": [0, 0, 6, 4], "texture": "#0"},
				"east": {"uv": [0, 0, 9, 4], "texture": "#0"},
				"south": {"uv": [0, 0, 6, 4], "texture": "#0"},
				"west": {"uv": [0, 0, 9, 4], "texture": "#0"},
				"up": {"uv": [0, 0, 6, 9], "texture": "#0"},
				"down": {"uv": [0, 0, 6, 9], "texture": "#0"}
			}
		},
		{
			"from": [4, 2, -5],
			"to": [11, 7, 5],
			"rotation": {"angle": 22.5, "axis": "z", "origin": [6, 3, -3]},
			"faces": {
				"north": {"uv": [0, 0, 5, 7], "rotation": 270, "texture": "#0"},
				"east": {"uv": [0, 0, 5, 10], "rotation": 90, "texture": "#0"},
				"south": {"uv": [0, 0, 5, 7], "rotation": 90, "texture": "#0"},
				"west": {"uv": [0, 0, 5, 10], "rotation": 90, "texture": "#0"},
				"up": {"uv": [0, 0, 10, 7], "rotation": 90, "texture": "#0"},
				"down": {"uv": [0, 0, 10, 7], "rotation": 90, "texture": "#0"}
			}
		},
		{
			"from": [6, -3, -1],
			"to": [11, 2, 9],
			"rotation": {"angle": -45, "axis": "x", "origin": [6, -2, 1]},
			"faces": {
				"north": {"uv": [0, 0, 5, 5], "rotation": 270, "texture": "#0"},
				"east": {"uv": [0, 0, 5, 10], "rotation": 90, "texture": "#0"},
				"south": {"uv": [0, 0, 5, 5], "rotation": 90, "texture": "#0"},
				"west": {"uv": [0, 0, 5, 10], "rotation": 90, "texture": "#0"},
				"up": {"uv": [0, 0, 10, 5], "rotation": 90, "texture": "#0"},
				"down": {"uv": [0, 0, 10, 5], "rotation": 90, "texture": "#0"}
			}
		},
		{
			"from": [3, 9, -3],
			"to": [7, 16, 5],
			"rotation": {"angle": -22.5, "axis": "z", "origin": [2, 12, -3]},
			"faces": {
				"north": {"uv": [0, 0, 7, 4], "rotation": 270, "texture": "#0"},
				"east": {"uv": [0, 0, 7, 8], "rotation": 90, "texture": "#0"},
				"south": {"uv": [0, 0, 7, 4], "rotation": 90, "texture": "#0"},
				"west": {"uv": [0, 0, 7, 8], "rotation": 90, "texture": "#0"},
				"up": {"uv": [0, 0, 8, 4], "rotation": 90, "texture": "#0"},
				"down": {"uv": [0, 0, 8, 4], "rotation": 90, "texture": "#0"}
			}
		},
		{
			"from": [10, -2, 2],
			"to": [17, 10, 7],
			"rotation": {"angle": 22.5, "axis": "z", "origin": [15, 6, 3]},
			"faces": {
				"north": {"uv": [0, 0, 7, 12], "texture": "#0"},
				"east": {"uv": [0, 0, 5, 12], "texture": "#0"},
				"south": {"uv": [0, 0, 7, 12], "texture": "#0"},
				"west": {"uv": [0, 0, 5, 12], "texture": "#0"},
				"up": {"uv": [0, 0, 7, 5], "texture": "#0"},
				"down": {"uv": [0, 0, 7, 5], "texture": "#0"}
			}
		},
		{
			"from": [-1, 5, 6],
			"to": [5, 10, 20],
			"rotation": {"angle": 22.5, "axis": "x", "origin": [4, 5, 14]},
			"faces": {
				"north": {"uv": [0, 0, 6, 5], "texture": "#0"},
				"east": {"uv": [0, 0, 14, 5], "texture": "#0"},
				"south": {"uv": [0, 0, 6, 5], "texture": "#0"},
				"west": {"uv": [0, 0, 14, 5], "texture": "#0"},
				"up": {"uv": [0, 0, 6, 14], "texture": "#0"},
				"down": {"uv": [0, 0, 6, 14], "texture": "#0"}
			}
		},
		{
			"from": [7, 5, 6],
			"to": [12, 12, 20],
			"rotation": {"angle": 22.5, "axis": "z", "origin": [12, 7, 14]},
			"faces": {
				"north": {"uv": [0, 0, 5, 7], "texture": "#0"},
				"east": {"uv": [0, 0, 14, 7], "texture": "#0"},
				"south": {"uv": [0, 0, 5, 7], "texture": "#0"},
				"west": {"uv": [0, 0, 14, 7], "texture": "#0"},
				"up": {"uv": [0, 0, 5, 14], "texture": "#0"},
				"down": {"uv": [0, 0, 5, 14], "texture": "#0"}
			}
		},
		{
			"from": [9, 6, 14],
			"to": [17, 12, 18],
			"rotation": {"angle": -22.5, "axis": "z", "origin": [13, 4, 10]},
			"faces": {
				"north": {"uv": [0, 0, 8, 6], "texture": "#0"},
				"east": {"uv": [0, 0, 4, 6], "texture": "#0"},
				"south": {"uv": [0, 0, 8, 6], "texture": "#0"},
				"west": {"uv": [0, 0, 4, 6], "texture": "#0"},
				"up": {"uv": [0, 0, 8, 4], "texture": "#0"},
				"down": {"uv": [0, 0, 8, 4], "texture": "#0"}
			}
		},
		{
			"from": [1, 3, 2],
			"to": [10, 8, 8],
			"rotation": {"angle": 45, "axis": "z", "origin": [8, 0, 5]},
			"faces": {
				"north": {"uv": [0, 0, 9, 5], "texture": "#0"},
				"east": {"uv": [0, 0, 6, 5], "texture": "#0"},
				"south": {"uv": [0, 0, 9, 5], "texture": "#0"},
				"west": {"uv": [0, 0, 6, 5], "texture": "#0"},
				"up": {"uv": [0, 0, 9, 6], "texture": "#0"},
				"down": {"uv": [0, 0, 9, 6], "texture": "#0"}
			}
		},
		{
			"from": [-3, 6, 7],
			"to": [7, 11, 11],
			"rotation": {"angle": 22.5, "axis": "z", "origin": [5, 3, 10]},
			"faces": {
				"north": {"uv": [0, 0, 10, 5], "texture": "#0"},
				"east": {"uv": [0, 0, 4, 5], "texture": "#0"},
				"south": {"uv": [0, 0, 10, 5], "texture": "#0"},
				"west": {"uv": [0, 0, 4, 5], "texture": "#0"},
				"up": {"uv": [0, 0, 10, 4], "texture": "#0"},
				"down": {"uv": [0, 0, 10, 4], "texture": "#0"}
			}
		},
		{
			"from": [-2, 11, 8],
			"to": [3, 14, 20],
			"rotation": {"angle": -22.5, "axis": "x", "origin": [5, 13, 12]},
			"faces": {
				"north": {"uv": [0, 0, 5, 3], "texture": "#0"},
				"east": {"uv": [0, 0, 12, 3], "texture": "#0"},
				"south": {"uv": [0, 0, 5, 3], "texture": "#0"},
				"west": {"uv": [0, 0, 12, 3], "texture": "#0"},
				"up": {"uv": [0, 0, 5, 12], "texture": "#0"},
				"down": {"uv": [0, 0, 5, 12], "texture": "#0"}
			}
		},
		{
			"from": [-5, 11, 10],
			"to": [7, 16, 14],
			"rotation": {"angle": -45, "axis": "z", "origin": [3, 13, 17]},
			"faces": {
				"north": {"uv": [0, 0, 12, 5], "texture": "#0"},
				"east": {"uv": [0, 0, 4, 5], "texture": "#0"},
				"south": {"uv": [0, 0, 12, 5], "texture": "#0"},
				"west": {"uv": [0, 0, 4, 5], "texture": "#0"},
				"up": {"uv": [0, 0, 4, 12], "rotation": 90, "texture": "#0"},
				"down": {"uv": [0, 0, 4, 12], "rotation": 270, "texture": "#0"}
			}
		},
		{
			"from": [12, 7, 0],
			"to": [20, 11, 9],
			"rotation": {"angle": 45, "axis": "y", "origin": [12, 3, 4]},
			"faces": {
				"north": {"uv": [0, 0, 8, 4], "texture": "#0"},
				"east": {"uv": [0, 0, 9, 4], "texture": "#0"},
				"south": {"uv": [0, 0, 8, 4], "texture": "#0"},
				"west": {"uv": [0, 0, 9, 4], "texture": "#0"},
				"up": {"uv": [0, 0, 8, 9], "texture": "#0"},
				"down": {"uv": [0, 0, 8, 9], "texture": "#0"}
			}
		},
		{
			"from": [7, 3, 4],
			"to": [12, 19, 10],
			"rotation": {"angle": 22.5, "axis": "y", "origin": [15, 11, 8]},
			"faces": {
				"north": {"uv": [0, 0, 5, 16], "texture": "#0"},
				"east": {"uv": [0, 0, 6, 16], "texture": "#0"},
				"south": {"uv": [0, 0, 5, 16], "texture": "#0"},
				"west": {"uv": [0, 0, 6, 16], "texture": "#0"},
				"up": {"uv": [0, 0, 5, 6], "texture": "#0"},
				"down": {"uv": [0, 0, 5, 6], "texture": "#0"}
			}
		},
		{
			"from": [13, 12, 9],
			"to": [17, 21, 14],
			"rotation": {"angle": 22.5, "axis": "x", "origin": [17, 13, 6]},
			"faces": {
				"north": {"uv": [0, 0, 4, 9], "texture": "#0"},
				"east": {"uv": [0, 0, 5, 9], "texture": "#0"},
				"south": {"uv": [0, 0, 4, 9], "texture": "#0"},
				"west": {"uv": [0, 0, 5, 9], "texture": "#0"},
				"up": {"uv": [0, 0, 5, 4], "rotation": 270, "texture": "#0"},
				"down": {"uv": [0, 0, 5, 4], "rotation": 90, "texture": "#0"}
			}
		},
		{
			"from": [-2, 4, -6],
			"to": [4, 8, 4],
			"rotation": {"angle": 22.5, "axis": "y", "origin": [8, 9, 2]},
			"faces": {
				"north": {"uv": [0, 0, 6, 4], "texture": "#0"},
				"east": {"uv": [0, 0, 10, 4], "texture": "#0"},
				"south": {"uv": [0, 0, 6, 4], "texture": "#0"},
				"west": {"uv": [0, 0, 10, 4], "texture": "#0"},
				"up": {"uv": [0, 0, 6, 10], "texture": "#0"},
				"down": {"uv": [0, 0, 6, 10], "texture": "#0"}
			}
		},
		{
			"from": [-2, 10, 3],
			"to": [8, 14, 8],
			"rotation": {"angle": -22.5, "axis": "y", "origin": [6, 15, -1]},
			"faces": {
				"north": {"uv": [0, 0, 10, 4], "texture": "#0"},
				"east": {"uv": [0, 0, 5, 4], "texture": "#0"},
				"south": {"uv": [0, 0, 10, 4], "texture": "#0"},
				"west": {"uv": [0, 0, 5, 4], "texture": "#0"},
				"up": {"uv": [0, 0, 5, 10], "rotation": 270, "texture": "#0"},
				"down": {"uv": [0, 0, 5, 10], "rotation": 90, "texture": "#0"}
			}
		},
		{
			"from": [1, 3, 2],
			"to": [8, 19, 6],
			"rotation": {"angle": 22.5, "axis": "z", "origin": [0, 11, 5]},
			"faces": {
				"north": {"uv": [0, 0, 7, 16], "texture": "#0"},
				"east": {"uv": [0, 0, 4, 16], "texture": "#0"},
				"south": {"uv": [0, 0, 7, 16], "texture": "#0"},
				"west": {"uv": [0, 0, 4, 16], "texture": "#0"},
				"up": {"uv": [0, 0, 7, 4], "texture": "#0"},
				"down": {"uv": [0, 0, 7, 4], "texture": "#0"}
			}
		}
	],
	"display": {
		"head": {
			"translation": [0, -5.25, 0],
			"scale": [4, 4, 4]
		}
	}
}