{
	"credit": "Made with Blockbench",
	"texture_size": [64, 32],
	"textures": {
		"0": "minecraft:entity/minecart",
		"particle": "minecraft:entity/minecart"
	},
	"elements": [
		{
			"from": [0, 0, -2],
			"to": [16, 2, 18],
			"faces": {
				"north": {"uv": [0, 6, 0.5, 14], "rotation": 270, "texture": "#0"},
				"east": {"uv": [5.5, 5, 10.5, 6], "texture": "#0"},
				"south": {"uv": [5.5, 6, 6, 14], "rotation": 90, "texture": "#0"},
				"west": {"uv": [0.5, 5, 5.5, 6], "texture": "#0"},
				"up": {"uv": [11, 14, 6, 6], "rotation": 90, "texture": "#0"},
				"down": {"uv": [5.5, 6, 0.5, 14], "rotation": 90, "texture": "#0"}
			}
		},
		{
			"from": [0, 10, -2],
			"to": [16, 12, 18],
			"rotation": {"angle": 0, "axis": "y", "origin": [8, 18, 8]},
			"faces": {
				"north": {"uv": [0, 6, 0.5, 14], "rotation": 270, "texture": "#0"},
				"east": {"uv": [5.5, 5, 10.5, 6], "texture": "#0"},
				"south": {"uv": [5.5, 6, 6, 14], "rotation": 90, "texture": "#0"},
				"west": {"uv": [0.5, 5, 5.5, 6], "texture": "#0"},
				"up": {"uv": [11, 14, 6, 6], "rotation": 90, "texture": "#0"},
				"down": {"uv": [5.5, 6, 0.5, 14], "rotation": 90, "texture": "#0"}
			}
		},
		{
			"from": [0, 2, -2],
			"to": [16, 10, 0],
			"rotation": {"angle": 0, "axis": "y", "origin": [8, 10, 8]},
			"faces": {
				"north": {"uv": [5, 1, 9, 5], "texture": "#0"},
				"east": {"uv": [4.5, 1, 5, 5], "texture": "#0"},
				"south": {"uv": [4.5, 1, 0.5, 5], "texture": "#0"},
				"west": {"uv": [0, 1, 0.5, 5], "texture": "#0"},
				"up": {"uv": [4.5, 1, 0.5, 0], "rotation": 180, "texture": "#0"},
				"down": {"uv": [4.5, 0, 8.5, 1], "texture": "#0"}
			}
		},
		{
			"from": [0, 12, -2],
			"to": [16, 20, 0],
			"rotation": {"angle": 0, "axis": "y", "origin": [8, 20, 8]},
			"faces": {
				"north": {"uv": [5, 1, 9, 5], "texture": "#0"},
				"east": {"uv": [4.5, 1, 5, 5], "texture": "#0"},
				"south": {"uv": [4.5, 1, 0.5, 5], "texture": "#0"},
				"west": {"uv": [0, 1, 0.5, 5], "texture": "#0"},
				"up": {"uv": [4.5, 1, 0.5, 0], "rotation": 180, "texture": "#0"},
				"down": {"uv": [4.5, 0, 8.5, 1], "texture": "#0"}
			}
		},
		{
			"from": [0, 2, 16],
			"to": [16, 10, 18],
			"rotation": {"angle": 0, "axis": "y", "origin": [8, 10, 8]},
			"faces": {
				"north": {"uv": [4.5, 1, 0.5, 5], "texture": "#0"},
				"east": {"uv": [0, 1, 0.5, 5], "texture": "#0"},
				"south": {"uv": [5, 1, 9, 5], "texture": "#0"},
				"west": {"uv": [4.5, 1, 5, 5], "texture": "#0"},
				"up": {"uv": [4.5, 1, 0.5, 0], "texture": "#0"},
				"down": {"uv": [4.5, 0, 8.5, 1], "rotation": 180, "texture": "#0"}
			}
		},
		{
			"from": [0, 12, 16],
			"to": [16, 20, 18],
			"rotation": {"angle": 0, "axis": "y", "origin": [8, 20, 8]},
			"faces": {
				"north": {"uv": [4.5, 1, 0.5, 5], "texture": "#0"},
				"east": {"uv": [0, 1, 0.5, 5], "texture": "#0"},
				"south": {"uv": [5, 1, 9, 5], "texture": "#0"},
				"west": {"uv": [4.5, 1, 5, 5], "texture": "#0"},
				"up": {"uv": [4.5, 1, 0.5, 0], "texture": "#0"},
				"down": {"uv": [4.5, 0, 8.5, 1], "rotation": 180, "texture": "#0"}
			}
		},
		{
			"from": [0, 2, 0],
			"to": [2, 10, 16],
			"rotation": {"angle": 0, "axis": "y", "origin": [10, 10, 8]},
			"faces": {
				"north": {"uv": [4.5, 1, 5, 5], "texture": "#0"},
				"east": {"uv": [4.5, 1, 0.5, 5], "texture": "#0"},
				"south": {"uv": [0, 1, 0.5, 5], "texture": "#0"},
				"west": {"uv": [5, 1, 9, 5], "texture": "#0"},
				"up": {"uv": [4.5, 1, 0.5, 0], "rotation": 90, "texture": "#0"},
				"down": {"uv": [4.5, 0, 8.5, 1], "rotation": 90, "texture": "#0"}
			}
		},
		{
			"from": [0, 12, 0],
			"to": [2, 20, 16],
			"rotation": {"angle": 0, "axis": "y", "origin": [10, 20, 8]},
			"faces": {
				"north": {"uv": [4.5, 1, 5, 5], "texture": "#0"},
				"east": {"uv": [4.5, 1, 0.5, 5], "texture": "#0"},
				"south": {"uv": [0, 1, 0.5, 5], "texture": "#0"},
				"west": {"uv": [5, 1, 9, 5], "texture": "#0"},
				"up": {"uv": [4.5, 1, 0.5, 0], "rotation": 90, "texture": "#0"},
				"down": {"uv": [4.5, 0, 8.5, 1], "rotation": 90, "texture": "#0"}
			}
		},
		{
			"from": [14, 2, 0],
			"to": [16, 10, 16],
			"rotation": {"angle": 0, "axis": "y", "origin": [6, 10, 8]},
			"faces": {
				"north": {"uv": [0, 1, 0.5, 5], "texture": "#0"},
				"east": {"uv": [5, 1, 9, 5], "texture": "#0"},
				"south": {"uv": [4.5, 1, 5, 5], "texture": "#0"},
				"west": {"uv": [4.5, 1, 0.5, 5], "texture": "#0"},
				"up": {"uv": [4.5, 1, 0.5, 0], "rotation": 270, "texture": "#0"},
				"down": {"uv": [4.5, 0, 8.5, 1], "rotation": 270, "texture": "#0"}
			}
		},
		{
			"from": [14, 12, 0],
			"to": [16, 20, 16],
			"rotation": {"angle": 0, "axis": "y", "origin": [6, 20, 8]},
			"faces": {
				"north": {"uv": [0, 1, 0.5, 5], "texture": "#0"},
				"east": {"uv": [5, 1, 9, 5], "texture": "#0"},
				"south": {"uv": [4.5, 1, 5, 5], "texture": "#0"},
				"west": {"uv": [4.5, 1, 0.5, 5], "texture": "#0"},
				"up": {"uv": [4.5, 1, 0.5, 0], "rotation": 270, "texture": "#0"},
				"down": {"uv": [4.5, 0, 8.5, 1], "rotation": 270, "texture": "#0"}
			}
		}
	],
	"display": {
		"head": {
			"translation": [0, -28.75, 0],
			"scale": [1.6, 1.6, 1.6]
		}
	}
}