{
    "parent": "minecraft:block/dirt",
	"overrides": [
      {
        "predicate": {
          "custom_model_data": 314101
        },
        "model": "tank:entity/tank/camo/hull"
      },
	  {
        "predicate": {
          "custom_model_data": 314102
        },
        "model": "tank:entity/tank/camo/hull_ff"
      },
	  {
        "predicate": {
          "custom_model_data": 314103
        },
        "model": "tank:entity/tank/camo/hull_fb"
      },
	  {
        "predicate": {
          "custom_model_data": 314104
        },
        "model": "tank:entity/tank/camo/hull_bf"
      },
	  {
        "predicate": {
          "custom_model_data": 314105
        },
        "model": "tank:entity/tank/camo/hull_bb"
      },
	  {
        "predicate": {
          "custom_model_data": 314106
        },
        "model": "tank:entity/tank/camo/turret"
      },
	  {
        "predicate": {
          "custom_model_data": 314107
        },
        "model": "tank:entity/tank/camo/barrel"
      }
    ]
}