{
	"credit": "Made with Blockbench",
	"texture_size": [32, 32],
	"textures": {
		"0": "minecraft:entity/fish/pufferfish",
		"particle": "minecraft:entity/fish/pufferfish"
	},
	"elements": [
		{
			"from": [4, 4, 4],
			"to": [12, 12, 12],
			"rotation": {"angle": 0, "axis": "y", "origin": [12, 12, 12]},
			"faces": {
				"north": {"uv": [4, 4, 8, 8], "texture": "#0"},
				"east": {"uv": [0, 4, 4, 8], "texture": "#0"},
				"south": {"uv": [12, 4, 16, 8], "texture": "#0"},
				"west": {"uv": [8, 4, 12, 8], "texture": "#0"},
				"up": {"uv": [8, 4, 4, 0], "texture": "#0"},
				"down": {"uv": [12, 0, 8, 4], "texture": "#0"}
			}
		},
		{
			"from": [2, 11, 5],
			"to": [4, 11, 7],
			"rotation": {"angle": 0, "axis": "y", "origin": [11, 18, 13]},
			"faces": {
				"north": {"uv": [0, 0, 2, 0], "texture": "#0"},
				"east": {"uv": [0, 0, 2, 0], "texture": "#0"},
				"south": {"uv": [0, 0, 2, 0], "texture": "#0"},
				"west": {"uv": [0, 0, 2, 0], "texture": "#0"},
				"up": {"uv": [13, 1, 14, 0], "texture": "#0"},
				"down": {"uv": [13, 0, 14, 1], "texture": "#0"}
			}
		},
		{
			"from": [12, 11, 5],
			"to": [14, 11, 7],
			"rotation": {"angle": 0, "axis": "y", "origin": [21, 18, 13]},
			"faces": {
				"north": {"uv": [0, 0, 2, 0], "texture": "#0"},
				"east": {"uv": [0, 0, 2, 0], "texture": "#0"},
				"south": {"uv": [0, 0, 2, 0], "texture": "#0"},
				"west": {"uv": [0, 0, 2, 0], "texture": "#0"},
				"up": {"uv": [13, 2.5, 14, 1.5], "texture": "#0"},
				"down": {"uv": [13, 1.5, 14, 2.5], "texture": "#0"}
			}
		},
		{
			"from": [4, 3, 4],
			"to": [12, 4, 4],
			"rotation": {"angle": 45, "axis": "x", "origin": [4, 4, 4]},
			"faces": {
				"north": {"uv": [8, 10, 12, 10.5], "rotation": 180, "texture": "#0"},
				"east": {"uv": [0, 0, 0.5, 0], "rotation": 90, "texture": "#0"},
				"south": {"uv": [8, 10, 12, 10.5], "texture": "#0"},
				"west": {"uv": [0, 0, 0.5, 0], "rotation": 270, "texture": "#0"},
				"up": {"uv": [0, 0, 4, 0], "texture": "#0"},
				"down": {"uv": [0, 0, 4, 0], "rotation": 180, "texture": "#0"}
			}
		},
		{
			"from": [4, 3, 12],
			"to": [12, 4, 12],
			"rotation": {"angle": -45, "axis": "x", "origin": [4, 4, 12]},
			"faces": {
				"north": {"uv": [8, 10, 12, 10.5], "rotation": 180, "texture": "#0"},
				"east": {"uv": [0, 0, 0.5, 0], "rotation": 90, "texture": "#0"},
				"south": {"uv": [8, 10, 12, 10.5], "texture": "#0"},
				"west": {"uv": [0, 0, 0.5, 0], "rotation": 270, "texture": "#0"},
				"up": {"uv": [0, 0, 4, 0], "texture": "#0"},
				"down": {"uv": [0, 0, 4, 0], "rotation": 180, "texture": "#0"}
			}
		},
		{
			"from": [4, 3, 8],
			"to": [12, 4, 8],
			"rotation": {"angle": 0, "axis": "x", "origin": [12, 11, 1]},
			"faces": {
				"north": {"uv": [8, 10, 12, 10.5], "rotation": 180, "texture": "#0"},
				"east": {"uv": [0, 0, 0.5, 0], "rotation": 90, "texture": "#0"},
				"south": {"uv": [8, 10, 12, 10.5], "texture": "#0"},
				"west": {"uv": [0, 0, 0.5, 0], "rotation": 270, "texture": "#0"},
				"up": {"uv": [0, 0, 4, 0], "texture": "#0"},
				"down": {"uv": [0, 0, 4, 0], "rotation": 180, "texture": "#0"}
			}
		},
		{
			"from": [3, 4, 4],
			"to": [4, 12, 4],
			"rotation": {"angle": -45, "axis": "y", "origin": [4, 12, 4]},
			"faces": {
				"north": {"uv": [0.5, 8.5, 1, 12.5], "texture": "#0"},
				"east": {"uv": [0, 0, 0, 4], "texture": "#0"},
				"south": {"uv": [0.5, 8.5, 1, 12.5], "texture": "#0"},
				"west": {"uv": [0, 0, 0, 4], "texture": "#0"},
				"up": {"uv": [0, 0, 0.5, 0], "texture": "#0"},
				"down": {"uv": [0, 0, 0.5, 0], "texture": "#0"}
			}
		},
		{
			"from": [12, 4, 3],
			"to": [12, 12, 4],
			"rotation": {"angle": -45, "axis": "y", "origin": [12, 12, 4]},
			"faces": {
				"north": {"uv": [0, 0, 0, 4], "texture": "#0"},
				"east": {"uv": [2.5, 8.5, 3, 12.5], "texture": "#0"},
				"south": {"uv": [0, 0, 0, 4], "texture": "#0"},
				"west": {"uv": [2.5, 8.5, 3, 12.5], "texture": "#0"},
				"up": {"uv": [0, 0, 0.5, 0], "rotation": 90, "texture": "#0"},
				"down": {"uv": [0, 0, 0.5, 0], "rotation": 270, "texture": "#0"}
			}
		},
		{
			"from": [3, 4, 8],
			"to": [4, 12, 8],
			"rotation": {"angle": 0, "axis": "y", "origin": [3, 12, 8]},
			"faces": {
				"north": {"uv": [2.5, 8.5, 3, 12.5], "texture": "#0"},
				"east": {"uv": [0, 0, 0, 4], "texture": "#0"},
				"south": {"uv": [2.5, 8.5, 3, 12.5], "texture": "#0"},
				"west": {"uv": [0, 0, 0, 4], "texture": "#0"},
				"up": {"uv": [0, 0, 0.5, 0], "rotation": 180, "texture": "#0"},
				"down": {"uv": [0, 0, 0.5, 0], "rotation": 180, "texture": "#0"}
			}
		},
		{
			"from": [3, 4, 12],
			"to": [4, 12, 12],
			"rotation": {"angle": 45, "axis": "y", "origin": [4, 12, 12]},
			"faces": {
				"north": {"uv": [4.5, 8.5, 5, 12.5], "texture": "#0"},
				"east": {"uv": [0, 0, 0, 4], "texture": "#0"},
				"south": {"uv": [4.5, 8.5, 5, 12.5], "texture": "#0"},
				"west": {"uv": [0, 0, 0, 4], "texture": "#0"},
				"up": {"uv": [0, 0, 0.5, 0], "rotation": 180, "texture": "#0"},
				"down": {"uv": [0, 0, 0.5, 0], "rotation": 180, "texture": "#0"}
			}
		},
		{
			"from": [12, 4, 12],
			"to": [12, 12, 13],
			"rotation": {"angle": 45, "axis": "y", "origin": [12, 12, 12]},
			"faces": {
				"north": {"uv": [0, 0, 0, 4], "texture": "#0"},
				"east": {"uv": [4.5, 8.5, 5, 12.5], "texture": "#0"},
				"south": {"uv": [0, 0, 0, 4], "texture": "#0"},
				"west": {"uv": [4.5, 8.5, 5, 12.5], "texture": "#0"},
				"up": {"uv": [0, 0, 0.5, 0], "rotation": 90, "texture": "#0"},
				"down": {"uv": [0, 0, 0.5, 0], "rotation": 270, "texture": "#0"}
			}
		},
		{
			"from": [12, 4, 8],
			"to": [13, 12, 8],
			"rotation": {"angle": 0, "axis": "y", "origin": [12, 12, 8]},
			"faces": {
				"north": {"uv": [4.5, 8.5, 5, 12.5], "texture": "#0"},
				"east": {"uv": [0, 0, 0, 4], "texture": "#0"},
				"south": {"uv": [4.5, 8.5, 5, 12.5], "texture": "#0"},
				"west": {"uv": [0, 0, 0, 4], "texture": "#0"},
				"up": {"uv": [0, 0, 0.5, 0], "texture": "#0"},
				"down": {"uv": [0, 0, 0.5, 0], "texture": "#0"}
			}
		},
		{
			"from": [4, 12, 3],
			"to": [12, 12, 4],
			"rotation": {"angle": 45, "axis": "x", "origin": [4, 12, 4]},
			"faces": {
				"north": {"uv": [8, 8.5, 12, 9], "texture": "#0"},
				"east": {"uv": [0, 0, 0, 0.5], "texture": "#0"},
				"south": {"uv": [8, 8.5, 12, 9], "texture": "#0"},
				"west": {"uv": [0, 0, 0, 0.5], "texture": "#0"},
				"up": {"uv": [11.5, 8.5, 7.5, 9], "texture": "#0"},
				"down": {"uv": [11.5, 8.5, 7.5, 9], "texture": "#0"}
			}
		},
		{
			"from": [4, 12, 8],
			"to": [12, 13, 8],
			"rotation": {"angle": 0, "axis": "x", "origin": [4, 12, 8]},
			"faces": {
				"north": {"uv": [11.5, 8.5, 7.5, 9], "rotation": 180, "texture": "#0"},
				"east": {"uv": [0, 0, 0, 0.5], "rotation": 270, "texture": "#0"},
				"south": {"uv": [11.5, 8.5, 7.5, 9], "texture": "#0"},
				"west": {"uv": [0, 0, 0, 0.5], "rotation": 90, "texture": "#0"},
				"up": {"uv": [8, 8.5, 12, 9], "rotation": 180, "texture": "#0"},
				"down": {"uv": [8, 8.5, 12, 9], "texture": "#0"}
			}
		},
		{
			"from": [4, 12, 12],
			"to": [12, 13, 12],
			"rotation": {"angle": 45, "axis": "x", "origin": [4, 12, 12]},
			"faces": {
				"north": {"uv": [15.5, 9, 11.5, 9.5], "rotation": 180, "texture": "#0"},
				"east": {"uv": [0, 0, 0, 0.5], "rotation": 270, "texture": "#0"},
				"south": {"uv": [15.5, 9, 11.5, 9.5], "texture": "#0"},
				"west": {"uv": [0, 0, 0, 0.5], "rotation": 90, "texture": "#0"},
				"up": {"uv": [11.5, 9, 15.5, 9.5], "rotation": 180, "texture": "#0"},
				"down": {"uv": [12, 9, 16, 9.5], "texture": "#0"}
			}
		}
	],
	"display": {
		"head": {
			"translation": [0, -5.25, 0],
			"scale": [3, 3, 3]
		}
	}
}