{
	"credit": "Made with Blockbench",
	"texture_size": [64, 32],
	"textures": {
		"1": "minecraft:entity/sheep/sheep_fur",
		"particle": "minecraft:entity/sheep/sheep"
	},
	"elements": [
		{
			"from": [-4.5, -9.5, -4.5],
			"to": [20.5, 25.5, 20.5],
			"rotation": {"angle": 0, "axis": "y", "origin": [-8, -8, -8]},
			"faces": {
				"north": {"uv": [1, 10, 2, 13], "texture": "#1"},
				"east": {"uv": [0, 10, 1, 13], "texture": "#1"},
				"south": {"uv": [3, 10, 4, 13], "texture": "#1"},
				"west": {"uv": [2, 10, 3, 13], "texture": "#1"},
				"up": {"uv": [1, 8, 2, 10], "texture": "#1"},
				"down": {"uv": [2, 8, 3, 10], "texture": "#1"}
			}
		}
	],
	"display": {
		"head": {
			"translation": [0, -5.25, 0],
			"scale": [3.875, 3.875, 3.875]
		}
	}
}