{
	"credit": "Made with Blockbench",
	"textures": {
		"0": "sky:item/pufferfish_cannon",
		"particle": "sky:item/pufferfish_cannon"
	},
	"elements": [
		{
			"from": [4, 26, 0],
			"to": [12, 28, 16],
			"faces": {
				"north": {"uv": [8, 0, 10, 0.5], "texture": "#0"},
				"east": {"uv": [10, 2, 10.5, 6], "rotation": 90, "texture": "#0"},
				"south": {"uv": [10, 0, 12, 0.5], "texture": "#0"},
				"west": {"uv": [7.5, 2, 8, 6], "rotation": 270, "texture": "#0"},
				"up": {"uv": [8, 2, 10, 6], "texture": "#0"},
				"down": {"uv": [12, 2, 14, 6], "rotation": 180, "texture": "#0"}
			}
		},
		{
			"from": [4, 22, 0],
			"to": [6, 26, 16],
			"faces": {
				"north": {"uv": [9.5, 0.5, 10, 1.5], "texture": "#0"},
				"east": {"uv": [10.5, 2, 11.5, 6], "rotation": 90, "texture": "#0"},
				"south": {"uv": [10, 0.5, 10.5, 1.5], "texture": "#0"},
				"west": {"uv": [6.5, 2, 7.5, 6], "rotation": 270, "texture": "#0"},
				"up": {"uv": [9.5, 2, 10, 6], "texture": "#0"},
				"down": {"uv": [13.5, 2, 14, 6], "texture": "#0"}
			}
		},
		{
			"from": [10, 22, 0],
			"to": [12, 26, 16],
			"faces": {
				"north": {"uv": [8, 0.5, 8.5, 1.5], "texture": "#0"},
				"east": {"uv": [10.5, 2, 11.5, 6], "rotation": 90, "texture": "#0"},
				"south": {"uv": [11.5, 0.5, 12, 1.5], "texture": "#0"},
				"west": {"uv": [6.5, 2, 7.5, 6], "rotation": 270, "texture": "#0"},
				"up": {"uv": [8, 2, 8.5, 6], "texture": "#0"},
				"down": {"uv": [12, 2, 12.5, 6], "rotation": 180, "texture": "#0"}
			}
		},
		{
			"from": [4, 20, 0],
			"to": [12, 22, 16],
			"faces": {
				"north": {"uv": [8, 1.5, 10, 2], "texture": "#0"},
				"east": {"uv": [11.5, 2, 12, 6], "rotation": 90, "texture": "#0"},
				"south": {"uv": [10, 1.5, 12, 2], "texture": "#0"},
				"west": {"uv": [6, 2, 6.5, 6], "rotation": 270, "texture": "#0"},
				"up": {"uv": [8, 2, 10, 6], "texture": "#0"},
				"down": {"uv": [12, 2, 14, 6], "rotation": 180, "texture": "#0"}
			}
		},
		{
			"from": [6, 6, 8],
			"to": [10, 20, 12],
			"rotation": {"angle": 22.5, "axis": "x", "origin": [8, 20, 12]},
			"faces": {
				"north": {"uv": [1, 8.5, 2, 12], "texture": "#0"},
				"east": {"uv": [0, 8.5, 1, 12], "texture": "#0"},
				"south": {"uv": [3, 8.5, 4, 12], "texture": "#0"},
				"west": {"uv": [2, 8.5, 3, 12], "texture": "#0"},
				"up": {"uv": [1, 7.5, 2, 8.5], "texture": "#0"},
				"down": {"uv": [2, 7.5, 3, 8.5], "texture": "#0"}
			}
		},
		{
			"from": [6, 2, 8],
			"to": [10, 6, 18],
			"rotation": {"angle": 22.5, "axis": "x", "origin": [8, 20, 12]},
			"faces": {
				"north": {"uv": [5, 7.5, 6, 8.5], "texture": "#0"},
				"east": {"uv": [4, 8.5, 5, 11], "rotation": 90, "texture": "#0"},
				"south": {"uv": [6, 7.5, 7, 8.5], "texture": "#0"},
				"west": {"uv": [6, 8.5, 7, 11], "rotation": 270, "texture": "#0"},
				"up": {"uv": [7, 8.5, 8, 11], "texture": "#0"},
				"down": {"uv": [5, 8.5, 6, 11], "rotation": 180, "texture": "#0"}
			}
		},
		{
			"from": [5, 21, 8],
			"to": [11, 27, 32],
			"faces": {
				"north": {"uv": [1.5, 0, 3, 1.5], "texture": "#0"},
				"east": {"uv": [3, 1.5, 4.5, 7.5], "rotation": 90, "texture": "#0"},
				"south": {"uv": [3, 0, 4.5, 1.5], "texture": "#0"},
				"west": {"uv": [0, 1.5, 1.5, 7.5], "rotation": 270, "texture": "#0"},
				"up": {"uv": [1.5, 1.5, 3, 7.5], "texture": "#0"},
				"down": {"uv": [4.5, 1.5, 6, 7.5], "rotation": 180, "texture": "#0"}
			}
		},
		{
			"from": [8, 28, 4],
			"to": [8, 32, 12],
			"faces": {
				"north": {"uv": [0, 0, 0, 4], "texture": "#0"},
				"east": {"uv": [2, 12, 0, 13], "texture": "#0"},
				"south": {"uv": [0, 0, 0, 4], "texture": "#0"},
				"west": {"uv": [0, 12, 2, 13], "texture": "#0"},
				"up": {"uv": [0, 0, 0, 8], "texture": "#0"},
				"down": {"uv": [0, 0, 0, 8], "texture": "#0"}
			}
		}
	],
	"display": {
		"thirdperson_righthand": {
			"rotation": [75, 0, 0],
			"translation": [0.75, 0.25, 4],
			"scale": [0.5, 0.5, 0.5]
		},
		"thirdperson_lefthand": {
			"rotation": [75, 0, 0],
			"translation": [0.75, 0.25, 4],
			"scale": [0.5, 0.5, 0.5]
		},
		"firstperson_righthand": {
			"rotation": [15, 0, 0],
			"translation": [0, -3.5, 0],
			"scale": [0.5, 0.5, 0.5]
		},
		"firstperson_lefthand": {
			"rotation": [15, 0, 0],
			"translation": [0, -3.5, 0],
			"scale": [0.5, 0.5, 0.5]
		},
		"ground": {
			"rotation": [5, 0, 0],
			"translation": [0, -2, 0],
			"scale": [0.3, 0.3, 0.3]
		},
		"gui": {
			"rotation": [27, 135, 0],
			"translation": [-2.25, -3.75, 0],
			"scale": [0.4, 0.4, 0.4]
		},
		"fixed": {
			"rotation": [90, -75, 90],
			"translation": [5.5, -3.75, -1.5],
			"scale": [0.5, 0.5, 0.5]
		}
	}
}