{
	"credit": "Made with Blockbench",
	"texture_size": [64, 32],
	"textures": {
		"1": "minecraft:entity/sheep/sheep_fur",
		"particle": "minecraft:entity/sheep/sheep"
	},
	"elements": [
		{
			"from": [-2, -14.5, -4.5],
			"to": [18, 30.5, 20.5],
			"rotation": {"angle": 0, "axis": "y", "origin": [-8, -8, -8]},
			"faces": {
				"north": {"uv": [8.5, 4, 9.25, 7], "texture": "#1"},
				"east": {"uv": [10.75, 7, 12.25, 9], "rotation": 270, "texture": "#1"},
				"south": {"uv": [12.25, 4, 13, 7], "texture": "#1"},
				"west": {"uv": [7, 7, 8.5, 9], "rotation": 90, "texture": "#1"},
				"up": {"uv": [13.25, 13, 14, 15], "texture": "#1"},
				"down": {"uv": [10, 7, 10.75, 9], "texture": "#1"}
			}
		}
	],
	"display": {
		"head": {
			"translation": [0, -5.25, 0],
			"scale": [3.875, 3.875, 3.875]
		}
	}
}