{
    "display": {
        "icon": {
            "item": "minecraft:lectern",
            "nbt": "{CustomModelData:271801}"
        },
        "title": "Ground Zero",
        "frame": "task",
        "description": [
            "Enter the arena"
        ],
        "show_toast": true,
        "announce_to_chat": true,
        "hidden": false
    },
    "parent": "sky:bossfight/ticket_to_somewhere",
    "criteria": {
        "impossible": {
            "trigger": "minecraft:impossible"
        }
    }
}