{
    "display": {
        "icon": {
            "item": "minecraft:iron_sword"
        },
        "title": "Let the Battle Begin!",
        "frame": "task",
        "description": [
            "Strike an enemy"
        ],
        "show_toast": true,
        "announce_to_chat": true,
        "hidden": true
    },
    "parent": "sky:bossfight/what_have_you_done",
    "criteria": {
        "player_hurt_entity": {
            "trigger": "minecraft:player_hurt_entity",
            "conditions": {
                "entity": {
                    "nbt": "{Tags:[\"sky.entity.part.damage_sensor\"]}"
                }
            }
        }
    }
}