{
    "display": {
        "icon": {
            "item": "minecraft:warped_fungus_on_a_stick",
            "nbt": "{CustomModelData:271802}"
        },
        "title": "Superior Weaponry",
        "frame": "goal",
        "description": [
            "Acquire the ",
            {
                "text": "Pufferfish Cannon",
                "color":"#fcc708",
                "bold": true
            }
        ],
        "show_toast": true,
        "announce_to_chat": true,
        "hidden": true
    },
    "parent": "sky:bossfight/destroy_all_humans",
    "criteria": {
        "impossible": {
            "trigger": "minecraft:impossible"
        }
    }
}