{
    "display": {
        "icon": {
            "item": "minecraft:lectern",
            "nbt": "{CustomModelData:271802}"
        },
        "title": "What Have You Done?",
        "frame": "task",
        "description": [
            "Initiate the bossfight"
        ],
        "show_toast": true,
        "announce_to_chat": true,
        "hidden": true
    },
    "parent": "sky:bossfight/ground_zero",
    "criteria": {
        "impossible": {
            "trigger": "minecraft:impossible"
        }
    }
}