{
	"credit": "Made with Blockbench",
	"textures": {
		"1": "sky:entity/ufo/ufo",
		"particle": "sky:entity/ufo/ufo"
	},
	"elements": [
		{
			"from": [-16, 4, -2],
			"to": [-12, 12, 18],
			"rotation": {"angle": 0, "axis": "y", "origin": [-15, 0, 0]},
			"faces": {
				"north": {"uv": [0, 0, 4, 4], "texture": "#1"},
				"east": {"uv": [0, 0, 4, 4], "texture": "#1"},
				"south": {"uv": [0, 0, 4, 4], "texture": "#1"},
				"west": {"uv": [0, 0, 4, 4], "texture": "#1"},
				"up": {"uv": [0, 0, 4, 4], "texture": "#1"},
				"down": {"uv": [0, 0, 4, 4], "texture": "#1"}
			}
		},
		{
			"from": [28, 4, -2],
			"to": [32, 12, 18],
			"rotation": {"angle": 0, "axis": "y", "origin": [-15, 0, 0]},
			"faces": {
				"north": {"uv": [0, 0, 4, 4], "texture": "#1"},
				"east": {"uv": [0, 0, 4, 4], "texture": "#1"},
				"south": {"uv": [0, 0, 4, 4], "texture": "#1"},
				"west": {"uv": [0, 0, 4, 4], "texture": "#1"},
				"up": {"uv": [0, 0, 4, 4], "texture": "#1"},
				"down": {"uv": [0, 0, 4, 4], "texture": "#1"}
			}
		},
		{
			"from": [-2, 4, -16],
			"to": [18, 12, -12],
			"rotation": {"angle": 0, "axis": "y", "origin": [0, 8, -16]},
			"faces": {
				"north": {"uv": [0, 0, 4, 4], "texture": "#1"},
				"east": {"uv": [0, 0, 4, 4], "texture": "#1"},
				"south": {"uv": [0, 0, 4, 4], "texture": "#1"},
				"west": {"uv": [0, 0, 4, 4], "texture": "#1"},
				"up": {"uv": [0, 0, 4, 4], "texture": "#1"},
				"down": {"uv": [0, 0, 4, 4], "texture": "#1"}
			}
		},
		{
			"from": [-2, 4, 28],
			"to": [18, 12, 32],
			"rotation": {"angle": 0, "axis": "y", "origin": [0, 8, -16]},
			"faces": {
				"north": {"uv": [0, 0, 4, 4], "texture": "#1"},
				"east": {"uv": [0, 0, 4, 4], "texture": "#1"},
				"south": {"uv": [0, 0, 4, 4], "texture": "#1"},
				"west": {"uv": [0, 0, 4, 4], "texture": "#1"},
				"up": {"uv": [0, 0, 4, 4], "texture": "#1"},
				"down": {"uv": [0, 0, 4, 4], "texture": "#1"}
			}
		},
		{
			"from": [-16, 4, -2],
			"to": [3.8, 12, 2],
			"rotation": {"angle": 45, "axis": "y", "origin": [-16, 8, -2]},
			"faces": {
				"north": {"uv": [0, 0, 4, 4], "texture": "#1"},
				"east": {"uv": [0, 0, 4, 4], "texture": "#1"},
				"south": {"uv": [0, 0, 4, 4], "texture": "#1"},
				"west": {"uv": [0, 0, 4, 4], "texture": "#1"},
				"up": {"uv": [0, 0, 4, 4], "rotation": 270, "texture": "#1"},
				"down": {"uv": [0, 0, 4, 4], "rotation": 90, "texture": "#1"}
			}
		},
		{
			"from": [-16, 4, 14],
			"to": [3.8, 12, 18],
			"rotation": {"angle": -45, "axis": "y", "origin": [-16, 8, 18]},
			"faces": {
				"north": {"uv": [0, 0, 4, 4], "texture": "#1"},
				"east": {"uv": [0, 0, 4, 4], "texture": "#1"},
				"south": {"uv": [0, 0, 4, 4], "texture": "#1"},
				"west": {"uv": [0, 0, 4, 4], "texture": "#1"},
				"up": {"uv": [0, 0, 4, 4], "rotation": 90, "texture": "#1"},
				"down": {"uv": [0, 0, 4, 4], "rotation": 270, "texture": "#1"}
			}
		},
		{
			"from": [12.2, 4, 14],
			"to": [32, 12, 18],
			"rotation": {"angle": 45, "axis": "y", "origin": [32, 8, 18]},
			"faces": {
				"north": {"uv": [0, 0, 4, 4], "texture": "#1"},
				"east": {"uv": [0, 0, 4, 4], "texture": "#1"},
				"south": {"uv": [0, 0, 4, 4], "texture": "#1"},
				"west": {"uv": [0, 0, 4, 4], "texture": "#1"},
				"up": {"uv": [0, 0, 4, 4], "rotation": 90, "texture": "#1"},
				"down": {"uv": [0, 0, 4, 4], "rotation": 270, "texture": "#1"}
			}
		},
		{
			"from": [12.2, 4, -2],
			"to": [32, 12, 2],
			"rotation": {"angle": -45, "axis": "y", "origin": [32, 8, -2]},
			"faces": {
				"north": {"uv": [0, 0, 4, 4], "texture": "#1"},
				"east": {"uv": [0, 0, 4, 4], "texture": "#1"},
				"south": {"uv": [0, 0, 4, 4], "texture": "#1"},
				"west": {"uv": [0, 0, 4, 4], "texture": "#1"},
				"up": {"uv": [0, 0, 4, 4], "rotation": 90, "texture": "#1"},
				"down": {"uv": [0, 0, 4, 4], "rotation": 270, "texture": "#1"}
			}
		},
		{
			"from": [-16, 6, -16],
			"to": [-2, 10, -12],
			"faces": {
				"north": {"uv": [4, 0, 8, 4], "texture": "#1"},
				"east": {"uv": [4, 0, 8, 4], "texture": "#1"},
				"south": {"uv": [4, 0, 8, 4], "texture": "#1"},
				"west": {"uv": [4, 0, 8, 4], "texture": "#1"},
				"up": {"uv": [4, 0, 8, 4], "texture": "#1"},
				"down": {"uv": [4, 0, 8, 4], "texture": "#1"}
			}
		},
		{
			"from": [18, 6, -16],
			"to": [32, 10, -12],
			"faces": {
				"north": {"uv": [4, 0, 8, 4], "texture": "#1"},
				"east": {"uv": [4, 0, 8, 4], "texture": "#1"},
				"south": {"uv": [4, 0, 8, 4], "texture": "#1"},
				"west": {"uv": [4, 0, 8, 4], "texture": "#1"},
				"up": {"uv": [4, 0, 8, 4], "texture": "#1"},
				"down": {"uv": [4, 0, 8, 4], "texture": "#1"}
			}
		},
		{
			"from": [18, 6, 28],
			"to": [32, 10, 32],
			"faces": {
				"north": {"uv": [4, 0, 8, 4], "texture": "#1"},
				"east": {"uv": [4, 0, 8, 4], "texture": "#1"},
				"south": {"uv": [4, 0, 8, 4], "texture": "#1"},
				"west": {"uv": [4, 0, 8, 4], "texture": "#1"},
				"up": {"uv": [4, 0, 8, 4], "texture": "#1"},
				"down": {"uv": [4, 0, 8, 4], "texture": "#1"}
			}
		},
		{
			"from": [-16, 6, 28],
			"to": [-2, 10, 32],
			"faces": {
				"north": {"uv": [4, 0, 8, 4], "texture": "#1"},
				"east": {"uv": [4, 0, 8, 4], "texture": "#1"},
				"south": {"uv": [4, 0, 8, 4], "texture": "#1"},
				"west": {"uv": [4, 0, 8, 4], "texture": "#1"},
				"up": {"uv": [4, 0, 8, 4], "texture": "#1"},
				"down": {"uv": [4, 0, 8, 4], "texture": "#1"}
			}
		},
		{
			"from": [-16, 6, -12],
			"to": [-5, 10, -8],
			"faces": {
				"north": {"uv": [4, 0, 8, 4], "texture": "#1"},
				"east": {"uv": [4, 0, 8, 4], "texture": "#1"},
				"south": {"uv": [4, 0, 8, 4], "texture": "#1"},
				"west": {"uv": [4, 0, 8, 4], "texture": "#1"},
				"up": {"uv": [4, 0, 8, 4], "texture": "#1"},
				"down": {"uv": [4, 0, 8, 4], "texture": "#1"}
			}
		},
		{
			"from": [21, 6, -12],
			"to": [32, 10, -8],
			"faces": {
				"north": {"uv": [4, 0, 8, 4], "texture": "#1"},
				"east": {"uv": [4, 0, 8, 4], "texture": "#1"},
				"south": {"uv": [4, 0, 8, 4], "texture": "#1"},
				"west": {"uv": [4, 0, 8, 4], "texture": "#1"},
				"up": {"uv": [4, 0, 8, 4], "texture": "#1"},
				"down": {"uv": [4, 0, 8, 4], "texture": "#1"}
			}
		},
		{
			"from": [21, 6, 24],
			"to": [32, 10, 28],
			"faces": {
				"north": {"uv": [4, 0, 8, 4], "texture": "#1"},
				"east": {"uv": [4, 0, 8, 4], "texture": "#1"},
				"south": {"uv": [4, 0, 8, 4], "texture": "#1"},
				"west": {"uv": [4, 0, 8, 4], "texture": "#1"},
				"up": {"uv": [4, 0, 8, 4], "texture": "#1"},
				"down": {"uv": [4, 0, 8, 4], "texture": "#1"}
			}
		},
		{
			"from": [-16, 6, 24],
			"to": [-5, 10, 28],
			"faces": {
				"north": {"uv": [4, 0, 8, 4], "texture": "#1"},
				"east": {"uv": [4, 0, 8, 4], "texture": "#1"},
				"south": {"uv": [4, 0, 8, 4], "texture": "#1"},
				"west": {"uv": [4, 0, 8, 4], "texture": "#1"},
				"up": {"uv": [4, 0, 8, 4], "texture": "#1"},
				"down": {"uv": [4, 0, 8, 4], "texture": "#1"}
			}
		},
		{
			"from": [-16, 6, -8],
			"to": [-9, 10, -4],
			"faces": {
				"north": {"uv": [4, 0, 8, 4], "texture": "#1"},
				"east": {"uv": [4, 0, 8, 4], "texture": "#1"},
				"south": {"uv": [4, 0, 8, 4], "texture": "#1"},
				"west": {"uv": [4, 0, 8, 4], "texture": "#1"},
				"up": {"uv": [4, 0, 8, 4], "texture": "#1"},
				"down": {"uv": [4, 0, 8, 4], "texture": "#1"}
			}
		},
		{
			"from": [25, 6, -8],
			"to": [32, 10, -4],
			"faces": {
				"north": {"uv": [4, 0, 8, 4], "texture": "#1"},
				"east": {"uv": [4, 0, 8, 4], "texture": "#1"},
				"south": {"uv": [4, 0, 8, 4], "texture": "#1"},
				"west": {"uv": [4, 0, 8, 4], "texture": "#1"},
				"up": {"uv": [4, 0, 8, 4], "texture": "#1"},
				"down": {"uv": [4, 0, 8, 4], "texture": "#1"}
			}
		},
		{
			"from": [25, 6, 20],
			"to": [32, 10, 24],
			"faces": {
				"north": {"uv": [4, 0, 8, 4], "texture": "#1"},
				"east": {"uv": [4, 0, 8, 4], "texture": "#1"},
				"south": {"uv": [4, 0, 8, 4], "texture": "#1"},
				"west": {"uv": [4, 0, 8, 4], "texture": "#1"},
				"up": {"uv": [4, 0, 8, 4], "texture": "#1"},
				"down": {"uv": [4, 0, 8, 4], "texture": "#1"}
			}
		},
		{
			"from": [-16, 6, 20],
			"to": [-9, 10, 24],
			"faces": {
				"north": {"uv": [4, 0, 8, 4], "texture": "#1"},
				"east": {"uv": [4, 0, 8, 4], "texture": "#1"},
				"south": {"uv": [4, 0, 8, 4], "texture": "#1"},
				"west": {"uv": [4, 0, 8, 4], "texture": "#1"},
				"up": {"uv": [4, 0, 8, 4], "texture": "#1"},
				"down": {"uv": [4, 0, 8, 4], "texture": "#1"}
			}
		},
		{
			"from": [-16, 6, -4],
			"to": [-12, 10, -2],
			"faces": {
				"north": {"uv": [4, 0, 8, 4], "texture": "#1"},
				"east": {"uv": [4, 0, 8, 4], "texture": "#1"},
				"south": {"uv": [4, 0, 8, 4], "texture": "#1"},
				"west": {"uv": [4, 0, 8, 4], "texture": "#1"},
				"up": {"uv": [4, 0, 8, 4], "texture": "#1"},
				"down": {"uv": [4, 0, 8, 4], "texture": "#1"}
			}
		},
		{
			"from": [28, 6, -4],
			"to": [32, 10, -2],
			"faces": {
				"north": {"uv": [4, 0, 8, 4], "texture": "#1"},
				"east": {"uv": [4, 0, 8, 4], "texture": "#1"},
				"south": {"uv": [4, 0, 8, 4], "texture": "#1"},
				"west": {"uv": [4, 0, 8, 4], "texture": "#1"},
				"up": {"uv": [4, 0, 8, 4], "texture": "#1"},
				"down": {"uv": [4, 0, 8, 4], "texture": "#1"}
			}
		},
		{
			"from": [28, 6, 18],
			"to": [32, 10, 20],
			"faces": {
				"north": {"uv": [4, 0, 8, 4], "texture": "#1"},
				"east": {"uv": [4, 0, 8, 4], "texture": "#1"},
				"south": {"uv": [4, 0, 8, 4], "texture": "#1"},
				"west": {"uv": [4, 0, 8, 4], "texture": "#1"},
				"up": {"uv": [4, 0, 8, 4], "texture": "#1"},
				"down": {"uv": [4, 0, 8, 4], "texture": "#1"}
			}
		},
		{
			"from": [-16, 6, 18],
			"to": [-12, 10, 20],
			"faces": {
				"north": {"uv": [4, 0, 8, 4], "texture": "#1"},
				"east": {"uv": [4, 0, 8, 4], "texture": "#1"},
				"south": {"uv": [4, 0, 8, 4], "texture": "#1"},
				"west": {"uv": [4, 0, 8, 4], "texture": "#1"},
				"up": {"uv": [4, 0, 8, 4], "texture": "#1"},
				"down": {"uv": [4, 0, 8, 4], "texture": "#1"}
			}
		}
	],
	"display": {
		"thirdperson_righthand": {
			"rotation": [90, 0, 0],
			"translation": [-6, 2, -12],
			"scale": [4, 4, 4]
		}
	}
}