{
    "display": {
        "icon": {
            "item": "minecraft:white_wool",
            "nbt": "{CustomModelData:271897}"
        },
        "title": "DESTROY ALL HUMANS",
        "frame": "challenge",
        "description": [
            "Defeat ",
            {
                "text": "Skylinerw",
                "color":"#00aced",
                "bold": true
            }
        ],
        "show_toast": true,
        "announce_to_chat": true,
        "hidden": false
    },
    "parent": "sky:bossfight/let_the_battle_begin",
    "criteria": {
        "impossible": {
            "trigger": "minecraft:impossible"
        }
    }
}