{
    "display": {
        "icon": {
            "item": "minecraft:white_wool",
            "nbt": "{CustomModelData:271899}"
        },
        "title": "Skylinerw Bossfight",
        "frame": "task",
        "background": "minecraft:textures/block/white_wool.png",
        "description": [
            "Your quest begins here"
        ],
        "show_toast": false,
        "announce_to_chat": false,
        "hidden": false
    },
    "criteria": {
        "tick": {
            "trigger": "minecraft:tick"
        }
    }
}