{
	"credit": "Made with Blockbench",
	"texture_size": [64, 32],
	"textures": {
		"0": "minecraft:entity/sheep/sheep",
		"1": "minecraft:entity/sheep/sheep_fur",
		"particle": "minecraft:entity/sheep/sheep"
	},
	"elements": [
		{
			"from": [5, 16, -6],
			"to": [11, 22, 2],
			"rotation": {"angle": 0, "axis": "y", "origin": [13, 26, 8]},
			"faces": {
				"north": {"uv": [2, 4, 3.5, 7], "texture": "#0"},
				"east": {"uv": [0, 4, 2, 7], "texture": "#0"},
				"south": {"uv": [5.5, 4, 7, 7], "texture": "#0"},
				"west": {"uv": [3.5, 4, 5.5, 7], "texture": "#0"},
				"up": {"uv": [2, 0, 3.5, 4], "texture": "#0"},
				"down": {"uv": [3.5, 0, 5, 4], "texture": "#0"}
			}
		},
		{
			"from": [4.5, 15.5, -4.5],
			"to": [11.5, 22.5, 2.5],
			"rotation": {"angle": 0, "axis": "y", "origin": [12, 23, 3]},
			"faces": {
				"north": {"uv": [1.5, 3, 3, 6], "texture": "#1"},
				"east": {"uv": [0, 3, 1.5, 6], "texture": "#1"},
				"south": {"uv": [4.5, 3, 6, 6], "texture": "#1"},
				"west": {"uv": [3, 3, 4.5, 6], "texture": "#1"},
				"up": {"uv": [1.5, 0, 3, 3], "texture": "#1"},
				"down": {"uv": [3, 0, 4.5, 3], "texture": "#1"}
			}
		}
	],
	"display": {
		"head": {
			"translation": [0, -21.75, 10.5],
			"scale": [1.55, 1.55, 1.55]
		}
	}
}