{
	"credit": "Made with Blockbench",
	"textures": {
		"1": "sky:entity/ufo/ufo",
		"particle": "sky:entity/ufo/ufo"
	},
	"elements": [
		{
			"from": [-16, 6, 20],
			"to": [3.399, 10, 28],
			"rotation": {"angle": 22.5, "axis": "y", "origin": [-24, 8, 28]},
			"faces": {
				"north": {"uv": [12, 0, 16, 4], "texture": "#1"},
				"east": {"uv": [12, 0, 16, 4], "texture": "#1"},
				"south": {"uv": [12, 0, 16, 4], "texture": "#1"},
				"west": {"uv": [12, 0, 16, 4], "texture": "#1"},
				"up": {"uv": [12, 0, 16, 4], "texture": "#1"},
				"down": {"uv": [12, 0, 16, 4], "texture": "#1"}
			}
		},
		{
			"from": [20, 6, -16],
			"to": [28, 10, 3.399],
			"rotation": {"angle": -22.5, "axis": "y", "origin": [28, 8, -24]},
			"faces": {
				"north": {"uv": [12, 0, 16, 4], "texture": "#1"},
				"east": {"uv": [12, 0, 16, 4], "texture": "#1"},
				"south": {"uv": [12, 0, 16, 4], "texture": "#1"},
				"west": {"uv": [12, 0, 16, 4], "texture": "#1"},
				"up": {"uv": [12, 0, 16, 4], "texture": "#1"},
				"down": {"uv": [12, 0, 16, 4], "texture": "#1"}
			}
		},
		{
			"from": [-0.142, 6, 10],
			"to": [22.769, 10, 18],
			"rotation": {"angle": 45, "axis": "y", "origin": [0, 8, 16]},
			"faces": {
				"north": {"uv": [12, 0, 16, 4], "texture": "#1"},
				"east": {"uv": [12, 0, 16, 4], "texture": "#1"},
				"south": {"uv": [12, 0, 16, 4], "texture": "#1"},
				"west": {"uv": [12, 0, 16, 4], "texture": "#1"},
				"up": {"uv": [12, 0, 16, 4], "texture": "#1"},
				"down": {"uv": [12, 0, 16, 4], "texture": "#1"}
			}
		}
	],
	"display": {
		"thirdperson_righthand": {
			"rotation": [90, 0, 0],
			"translation": [-6, 2, -12],
			"scale": [4, 4, 4]
		}
	}
}