{
	"credit": "Made with Blockbench",
	"textures": {
		"0": "sky:entity/ufo/mcc",
		"particle": "sky:entity/ufo/mcc"
	},
	"elements": [
		{
			"from": [-4, -16, -4],
			"to": [20, 8, 20],
			"faces": {
				"north": {"uv": [0, 0, 12, 12], "texture": "#0"},
				"east": {"uv": [0, 0, 12, 12], "texture": "#0"},
				"south": {"uv": [0, 0, 12, 12], "texture": "#0"},
				"west": {"uv": [0, 0, 12, 12], "texture": "#0"},
				"up": {"uv": [0, 0, 12, 12], "texture": "#0"},
				"down": {"uv": [0, 0, 12, 12], "texture": "#0"}
			}
		},
		{
			"from": [20, 8, 20],
			"to": [-4, -16, -4],
			"faces": {
				"north": {"uv": [0, 0, 12, 12], "texture": "#0"},
				"east": {"uv": [0, 0, 12, 12], "texture": "#0"},
				"south": {"uv": [0, 0, 12, 12], "texture": "#0"},
				"west": {"uv": [0, 0, 12, 12], "texture": "#0"},
				"up": {"uv": [0, 0, 12, 12], "texture": "#0"},
				"down": {"uv": [0, 0, 12, 12], "texture": "#0"}
			}
		},
		{
			"from": [17, 5, 5],
			"to": [23, 11, 11],
			"faces": {
				"north": {"uv": [13, 13, 16, 16], "texture": "#0"},
				"east": {"uv": [13, 13, 16, 16], "texture": "#0"},
				"south": {"uv": [13, 13, 16, 16], "texture": "#0"},
				"west": {"uv": [13, 13, 16, 16], "texture": "#0"},
				"up": {"uv": [13, 13, 16, 16], "texture": "#0"},
				"down": {"uv": [13, 13, 16, 16], "texture": "#0"}
			}
		},
		{
			"from": [-7, 5, 5],
			"to": [-1, 11, 11],
			"faces": {
				"north": {"uv": [13, 13, 16, 16], "texture": "#0"},
				"east": {"uv": [13, 13, 16, 16], "texture": "#0"},
				"south": {"uv": [13, 13, 16, 16], "texture": "#0"},
				"west": {"uv": [13, 13, 16, 16], "texture": "#0"},
				"up": {"uv": [13, 13, 16, 16], "texture": "#0"},
				"down": {"uv": [13, 13, 16, 16], "texture": "#0"}
			}
		},
		{
			"from": [7, 8, 7],
			"to": [9, 15, 9],
			"faces": {
				"north": {"uv": [14, 9, 16, 16], "texture": "#0"},
				"east": {"uv": [14, 9, 16, 16], "texture": "#0"},
				"south": {"uv": [14, 9, 16, 16], "texture": "#0"},
				"west": {"uv": [14, 9, 16, 16], "texture": "#0"},
				"up": {"uv": [14, 14, 16, 16], "texture": "#0"},
				"down": {"uv": [14, 14, 16, 16], "texture": "#0"}
			}
		},
		{
			"from": [2, 13, 7],
			"to": [9, 15, 9],
			"rotation": {"angle": -22.5, "axis": "z", "origin": [9, 15, 8]},
			"faces": {
				"north": {"uv": [14, 9, 16, 16], "rotation": 90, "texture": "#0"},
				"east": {"uv": [14, 14, 16, 16], "rotation": 270, "texture": "#0"},
				"south": {"uv": [14, 9, 16, 16], "rotation": 270, "texture": "#0"},
				"west": {"uv": [14, 14, 16, 16], "rotation": 270, "texture": "#0"},
				"up": {"uv": [14, 9, 16, 16], "rotation": 270, "texture": "#0"},
				"down": {"uv": [14, 9, 16, 16], "rotation": 270, "texture": "#0"}
			}
		},
		{
			"from": [-2, 12, 6],
			"to": [2, 16, 10],
			"rotation": {"angle": -22.5, "axis": "z", "origin": [9, 15, 8]},
			"faces": {
				"north": {"uv": [12, 12, 16, 16], "rotation": 90, "texture": "#0"},
				"east": {"uv": [12, 12, 16, 16], "rotation": 270, "texture": "#0"},
				"south": {"uv": [12, 12, 16, 16], "rotation": 270, "texture": "#0"},
				"west": {"uv": [12, 12, 16, 16], "rotation": 270, "texture": "#0"},
				"up": {"uv": [12, 12, 16, 16], "rotation": 270, "texture": "#0"},
				"down": {"uv": [12, 12, 16, 16], "rotation": 270, "texture": "#0"}
			}
		}
	],
	"display": {
		"thirdperson_righthand": {
			"rotation": [90, 0, 0],
			"translation": [-6, -2, 36],
			"scale": [4, 4, 4]
		},
		"head": {
			"translation": [0, 41, 0],
			"scale": [4, 4, 4]
		}
	}
}