{
	"credit": "Made with Blockbench",
	"textures": {
		"0": "sky:block/pedestal_empty",
		"1": "sky:block/commanders_amulet",
		"particle": "sky:block/pedestal_empty"
	},
	"elements": [
		{
			"from": [3, 0, 3],
			"to": [13, 2, 13],
			"rotation": {"angle": 0, "axis": "y", "origin": [12, 8, 12]},
			"faces": {
				"north": {"uv": [2.5, 2.5, 5, 3], "texture": "#0"},
				"east": {"uv": [0, 2.5, 2.5, 3], "texture": "#0"},
				"south": {"uv": [7.5, 2.5, 10, 3], "texture": "#0"},
				"west": {"uv": [5, 2.5, 7.5, 3], "texture": "#0"},
				"up": {"uv": [5, 2.5, 2.5, 0], "texture": "#0"},
				"down": {"uv": [7.5, 0, 5, 2.5], "texture": "#0"}
			}
		},
		{
			"from": [4, 2, 4],
			"to": [12, 3, 12],
			"rotation": {"angle": 0, "axis": "y", "origin": [12, 9, 12]},
			"faces": {
				"north": {"uv": [2, 8, 4, 8.25], "texture": "#0"},
				"east": {"uv": [0, 8, 2, 8.25], "texture": "#0"},
				"south": {"uv": [6, 8, 8, 8.25], "texture": "#0"},
				"west": {"uv": [4, 8, 6, 8.25], "texture": "#0"},
				"up": {"uv": [4, 8, 2, 6], "texture": "#0"},
				"down": {"uv": [6, 6, 4, 8], "texture": "#0"}
			}
		},
		{
			"from": [5, 3, 5],
			"to": [11, 10, 11],
			"rotation": {"angle": 0, "axis": "y", "origin": [12, 10, 12]},
			"faces": {
				"north": {"uv": [8, 8.25, 9.5, 10], "texture": "#0"},
				"east": {"uv": [6.5, 8.25, 8, 10], "texture": "#0"},
				"south": {"uv": [11, 8.25, 12.5, 10], "texture": "#0"},
				"west": {"uv": [9.5, 8.25, 11, 10], "texture": "#0"},
				"up": {"uv": [9.5, 8.25, 8, 6.75], "texture": "#0"},
				"down": {"uv": [11, 6.75, 9.5, 8.25], "texture": "#0"}
			}
		},
		{
			"from": [5, 10, 8],
			"to": [11, 12, 11],
			"rotation": {"angle": 0, "axis": "y", "origin": [12, 17, 12]},
			"faces": {
				"north": {"uv": [8.25, 0.75, 9.75, 1.25], "texture": "#0"},
				"east": {"uv": [7.5, 0.75, 8.25, 1.25], "texture": "#0"},
				"south": {"uv": [10.5, 0.75, 12, 1.25], "texture": "#0"},
				"west": {"uv": [9.75, 0.75, 10.5, 1.25], "texture": "#0"},
				"up": {"uv": [9.75, 0.75, 8.25, 0], "texture": "#0"},
				"down": {"uv": [11.25, 0, 9.75, 0.75], "texture": "#0"}
			}
		},
		{
			"from": [3, 10, 3],
			"to": [13, 12, 13],
			"rotation": {"angle": -22.5, "axis": "x", "origin": [8, 11, 8]},
			"faces": {
				"north": {"uv": [2.5, 5.5, 5, 6], "texture": "#0"},
				"east": {"uv": [0, 5.5, 2.5, 6], "texture": "#0"},
				"south": {"uv": [7.5, 5.5, 10, 6], "texture": "#0"},
				"west": {"uv": [5, 5.5, 7.5, 6], "texture": "#0"},
				"up": {"uv": [5, 5.5, 2.5, 3], "texture": "#0"},
				"down": {"uv": [7.5, 3, 5, 5.5], "texture": "#0"}
			}
		},
		{
			"from": [7, 12, 6],
			"to": [9, 13, 10],
			"rotation": {"angle": -22.5, "axis": "x", "origin": [8, 11, 8]},
			"faces": {
				"north": {"uv": [3, 5, 5, 6], "texture": "#1"},
				"east": {"uv": [3, 5, 5, 6], "texture": "#1"},
				"south": {"uv": [3, 2, 5, 3], "texture": "#1"},
				"west": {"uv": [3, 5, 5, 6], "texture": "#1"},
				"up": {"uv": [5, 6, 3, 2], "texture": "#1"},
				"down": {"uv": [5, 2, 3, 6], "texture": "#1"}
			}
		},
		{
			"from": [6, 12, 7],
			"to": [10, 13, 9],
			"rotation": {"angle": -22.5, "axis": "x", "origin": [8, 11, 8]},
			"faces": {
				"north": {"uv": [2, 4, 6, 5], "texture": "#1"},
				"east": {"uv": [2, 3, 3, 5], "texture": "#1"},
				"south": {"uv": [2, 3, 6, 4], "texture": "#1"},
				"west": {"uv": [5, 3, 6, 5], "texture": "#1"},
				"up": {"uv": [6, 5, 2, 3], "texture": "#1"},
				"down": {"uv": [6, 3, 2, 5], "texture": "#1"}
			}
		},
		{
			"from": [5, 12, 5],
			"to": [7, 13, 6],
			"rotation": {"angle": -22.5, "axis": "x", "origin": [8, 11, 8]},
			"faces": {
				"north": {"uv": [5, 6, 6, 7], "texture": "#1"},
				"east": {"uv": [5, 6, 6, 7], "texture": "#1"},
				"south": {"uv": [5, 6, 6, 7], "texture": "#1"},
				"west": {"uv": [5, 7, 6, 6], "texture": "#1"},
				"up": {"uv": [5, 7, 6, 6], "texture": "#1"},
				"down": {"uv": [6, 6, 5, 7], "texture": "#1"}
			}
		},
		{
			"from": [5, 12, 6],
			"to": [6, 13, 7],
			"rotation": {"angle": -22.5, "axis": "x", "origin": [8, 11, 8]},
			"faces": {
				"north": {"uv": [5, 6, 6, 7], "texture": "#1"},
				"east": {"uv": [5, 6, 6, 7], "texture": "#1"},
				"south": {"uv": [5, 6, 6, 7], "texture": "#1"},
				"west": {"uv": [5, 7, 6, 6], "texture": "#1"},
				"up": {"uv": [5, 7, 6, 6], "texture": "#1"},
				"down": {"uv": [6, 6, 5, 7], "texture": "#1"}
			}
		},
		{
			"from": [4, 12, 7],
			"to": [5, 13, 9],
			"rotation": {"angle": -22.5, "axis": "x", "origin": [8, 11, 8]},
			"faces": {
				"north": {"uv": [5, 6, 6, 7], "texture": "#1"},
				"east": {"uv": [5, 6, 6, 7], "texture": "#1"},
				"south": {"uv": [5, 6, 6, 7], "texture": "#1"},
				"west": {"uv": [5, 7, 6, 6], "texture": "#1"},
				"up": {"uv": [5, 7, 6, 6], "texture": "#1"},
				"down": {"uv": [6, 6, 5, 7], "texture": "#1"}
			}
		},
		{
			"from": [5, 12, 9],
			"to": [6, 13, 10],
			"rotation": {"angle": -22.5, "axis": "x", "origin": [8, 11, 8]},
			"faces": {
				"north": {"uv": [5, 6, 6, 7], "texture": "#1"},
				"east": {"uv": [5, 6, 6, 7], "texture": "#1"},
				"south": {"uv": [5, 6, 6, 7], "texture": "#1"},
				"west": {"uv": [5, 7, 6, 6], "texture": "#1"},
				"up": {"uv": [5, 7, 6, 6], "texture": "#1"},
				"down": {"uv": [6, 6, 5, 7], "texture": "#1"}
			}
		},
		{
			"from": [5, 12, 10],
			"to": [7, 13, 11],
			"rotation": {"angle": -22.5, "axis": "x", "origin": [8, 11, 8]},
			"faces": {
				"north": {"uv": [1, 6, 2, 7], "texture": "#1"},
				"east": {"uv": [1, 6, 2, 7], "texture": "#1"},
				"south": {"uv": [1, 6, 2, 7], "texture": "#1"},
				"west": {"uv": [1, 7, 2, 6], "texture": "#1"},
				"up": {"uv": [1, 7, 2, 6], "texture": "#1"},
				"down": {"uv": [2, 6, 1, 7], "texture": "#1"}
			}
		},
		{
			"from": [7, 12, 11],
			"to": [9, 13, 12],
			"rotation": {"angle": -22.5, "axis": "x", "origin": [8, 11, 8]},
			"faces": {
				"north": {"uv": [1, 6, 2, 7], "texture": "#1"},
				"east": {"uv": [1, 6, 2, 7], "texture": "#1"},
				"south": {"uv": [1, 6, 2, 7], "texture": "#1"},
				"west": {"uv": [1, 7, 2, 6], "texture": "#1"},
				"up": {"uv": [1, 7, 2, 6], "texture": "#1"},
				"down": {"uv": [2, 6, 1, 7], "texture": "#1"}
			}
		},
		{
			"from": [9, 12, 10],
			"to": [11, 13, 11],
			"rotation": {"angle": -22.5, "axis": "x", "origin": [8, 11, 8]},
			"faces": {
				"north": {"uv": [1, 6, 2, 7], "texture": "#1"},
				"east": {"uv": [1, 6, 2, 7], "texture": "#1"},
				"south": {"uv": [1, 6, 2, 7], "texture": "#1"},
				"west": {"uv": [1, 7, 2, 6], "texture": "#1"},
				"up": {"uv": [1, 7, 2, 6], "texture": "#1"},
				"down": {"uv": [2, 6, 1, 7], "texture": "#1"}
			}
		},
		{
			"from": [10, 12, 9],
			"to": [11, 13, 10],
			"rotation": {"angle": -22.5, "axis": "x", "origin": [8, 11, 8]},
			"faces": {
				"north": {"uv": [1, 6, 2, 7], "texture": "#1"},
				"east": {"uv": [1, 6, 2, 7], "texture": "#1"},
				"south": {"uv": [1, 6, 2, 7], "texture": "#1"},
				"west": {"uv": [1, 7, 2, 6], "texture": "#1"},
				"up": {"uv": [1, 7, 2, 6], "texture": "#1"},
				"down": {"uv": [2, 6, 1, 7], "texture": "#1"}
			}
		},
		{
			"from": [11, 12, 7],
			"to": [12, 13, 9],
			"rotation": {"angle": -22.5, "axis": "x", "origin": [8, 11, 8]},
			"faces": {
				"north": {"uv": [1, 6, 2, 7], "texture": "#1"},
				"east": {"uv": [1, 6, 2, 7], "texture": "#1"},
				"south": {"uv": [1, 6, 2, 7], "texture": "#1"},
				"west": {"uv": [1, 7, 2, 6], "texture": "#1"},
				"up": {"uv": [1, 7, 2, 6], "texture": "#1"},
				"down": {"uv": [2, 6, 1, 7], "texture": "#1"}
			}
		},
		{
			"from": [10, 12, 5],
			"to": [11, 13, 7],
			"rotation": {"angle": -22.5, "axis": "x", "origin": [8, 11, 8]},
			"faces": {
				"north": {"uv": [1, 6, 2, 7], "texture": "#1"},
				"east": {"uv": [1, 6, 2, 7], "texture": "#1"},
				"south": {"uv": [1, 6, 2, 7], "texture": "#1"},
				"west": {"uv": [1, 7, 2, 6], "texture": "#1"},
				"up": {"uv": [1, 7, 2, 6], "texture": "#1"},
				"down": {"uv": [2, 6, 1, 7], "texture": "#1"}
			}
		},
		{
			"from": [9, 12, 5],
			"to": [10, 13, 6],
			"rotation": {"angle": -22.5, "axis": "x", "origin": [8, 11, 8]},
			"faces": {
				"north": {"uv": [5, 6, 6, 7], "texture": "#1"},
				"east": {"uv": [5, 6, 6, 7], "texture": "#1"},
				"south": {"uv": [5, 6, 6, 7], "texture": "#1"},
				"west": {"uv": [5, 7, 6, 6], "texture": "#1"},
				"up": {"uv": [5, 7, 6, 6], "texture": "#1"},
				"down": {"uv": [6, 6, 5, 7], "texture": "#1"}
			}
		},
		{
			"from": [7, 12, 4],
			"to": [9, 13, 5],
			"rotation": {"angle": -22.5, "axis": "x", "origin": [8, 11, 8]},
			"faces": {
				"north": {"uv": [5, 6, 6, 7], "texture": "#1"},
				"east": {"uv": [5, 6, 6, 7], "texture": "#1"},
				"south": {"uv": [5, 6, 6, 7], "texture": "#1"},
				"west": {"uv": [5, 7, 6, 6], "texture": "#1"},
				"up": {"uv": [5, 7, 6, 6], "texture": "#1"},
				"down": {"uv": [6, 6, 5, 7], "texture": "#1"}
			}
		}
	],
	"display": {
		"gui": {
			"rotation": [22, 135, 0],
			"translation": [0, 0.75, 0],
			"scale": [0.75, 0.75, 0.75]
		},
		"head": {
			"translation": [0, -10.95, 0],
			"scale": [2.75, 2.75, 2.75]
		}
	}
}