{
	"credit": "Made with Blockbench",
	"texture_size": [32, 32],
	"textures": {
		"0": "tank:entity/bullet",
		"particle": "tank:entity/bullet"
	},
	"elements": [
		{
			"from": [6, 6, 6],
			"to": [10, 10, 16],
			"faces": {
				"north": {"uv": [2, 0, 4, 2], "texture": "#0"},
				"east": {"uv": [4, 2, 6, 7], "rotation": 90, "texture": "#0"},
				"south": {"uv": [4, 0, 6, 2], "texture": "#0"},
				"west": {"uv": [0, 2, 2, 7], "rotation": 270, "texture": "#0"},
				"up": {"uv": [2, 2, 4, 7], "texture": "#0"},
				"down": {"uv": [6, 2, 8, 7], "rotation": 180, "texture": "#0"}
			}
		},
		{
			"from": [6.5, 6.5, 3],
			"to": [9.5, 9.5, 6],
			"faces": {
				"north": {"uv": [9.5, 1.5, 11, 3], "texture": "#0"},
				"east": {"uv": [8, 1.5, 9.5, 3], "texture": "#0"},
				"south": {"uv": [12.5, 1.5, 14, 3], "texture": "#0"},
				"west": {"uv": [11, 1.5, 12.5, 3], "texture": "#0"},
				"up": {"uv": [9.5, 0, 11, 1.5], "texture": "#0"},
				"down": {"uv": [11, 0, 12.5, 1.5], "texture": "#0"}
			}
		},
		{
			"from": [7, 7, 1],
			"to": [9, 9, 3],
			"faces": {
				"north": {"uv": [9, 4, 10, 5], "texture": "#0"},
				"east": {"uv": [8, 4, 9, 5], "texture": "#0"},
				"south": {"uv": [11, 4, 12, 5], "texture": "#0"},
				"west": {"uv": [10, 4, 11, 5], "texture": "#0"},
				"up": {"uv": [9, 3, 10, 4], "texture": "#0"},
				"down": {"uv": [10, 3, 11, 4], "texture": "#0"}
			}
		},
		{
			"from": [7.5, 7.5, 0],
			"to": [8.5, 8.5, 1],
			"faces": {
				"north": {"uv": [8.5, 5.5, 9, 6], "texture": "#0"},
				"east": {"uv": [8, 5.5, 8.5, 6], "texture": "#0"},
				"south": {"uv": [9.5, 5.5, 10, 6], "texture": "#0"},
				"west": {"uv": [9, 5.5, 9.5, 6], "texture": "#0"},
				"up": {"uv": [8.5, 5, 9, 5.5], "texture": "#0"},
				"down": {"uv": [9, 5, 9.5, 5.5], "texture": "#0"}
			}
		}
	],
	"display": {
		"head": {
			"translation": [0, -5.25, 0],
			"scale": [3, 3, 3]
		}
	}
}