{
    "display": {
        "icon": {
            "item": "minecraft:warped_fungus_on_a_stick",
            "nbt": "{CustomModelData:271801}"
        },
        "title": "Ticket to Somewhere?",
        "frame": "task",
        "description": [
            "Find ",
            {
                "text": "Skylinerw's",
                "color":"#00aced",
                "bold": true
            },
            " abode"
        ],
        "show_toast": true,
        "announce_to_chat": true,
        "hidden": true
    },
    "parent": "sky:bossfight/ticket_to_nowhere",
    "criteria": {
        "impossible": {
            "trigger": "minecraft:impossible"
        }
    }
}