{
	"credit": "Made with Blockbench",
	"texture_size": [64, 32],
	"textures": {
		"0": "sky:entity/skylinerw/hurt_sheep",
		"1": "sky:entity/skylinerw/hurt_sheep_fur",
		"particle": "minecraft:entity/minecart",
		"2_0": "minecraft:entity/minecart"
	},
	"elements": [
		{
			"from": [4, 12, 0],
			"to": [12, 18, 16],
			"faces": {
				"north": {"uv": [8.5, 4, 10.5, 7], "texture": "#0"},
				"east": {"uv": [7, 7, 8.25, 15], "rotation": 90, "texture": "#0"},
				"south": {"uv": [12.5, 4, 10.5, 7], "texture": "#0"},
				"west": {"uv": [10.25, 7, 11.5, 15], "rotation": 270, "texture": "#0"},
				"up": {"uv": [14, 15, 12, 7], "rotation": 180, "texture": "#0"},
				"down": {"uv": [8.5, 7, 10.5, 15], "rotation": 180, "texture": "#0"}
			}
		},
		{
			"from": [3, 0.1, 1],
			"to": [7, 12, 5],
			"rotation": {"angle": 0, "axis": "y", "origin": [11, 8, 9]},
			"faces": {
				"north": {"uv": [1, 10, 2, 16], "texture": "#0"},
				"east": {"uv": [0, 10, 1, 16], "texture": "#0"},
				"south": {"uv": [3, 10, 4, 16], "texture": "#0"},
				"west": {"uv": [2, 10, 3, 16], "texture": "#0"},
				"up": {"uv": [2, 10, 1, 8], "texture": "#0"},
				"down": {"uv": [3, 8, 2, 10], "texture": "#0"}
			}
		},
		{
			"from": [3, 0.1, 13],
			"to": [7, 12, 17],
			"rotation": {"angle": 0, "axis": "y", "origin": [11, 8, 21]},
			"faces": {
				"north": {"uv": [1, 10, 2, 16], "texture": "#0"},
				"east": {"uv": [0, 10, 1, 16], "texture": "#0"},
				"south": {"uv": [3, 10, 4, 16], "texture": "#0"},
				"west": {"uv": [2, 10, 3, 16], "texture": "#0"},
				"up": {"uv": [2, 10, 1, 8], "texture": "#0"},
				"down": {"uv": [3, 8, 2, 10], "texture": "#0"}
			}
		},
		{
			"from": [9, 0.1, 13],
			"to": [13, 12, 17],
			"rotation": {"angle": 0, "axis": "y", "origin": [17, 8, 21]},
			"faces": {
				"north": {"uv": [1, 10, 2, 16], "texture": "#0"},
				"east": {"uv": [0, 10, 1, 16], "texture": "#0"},
				"south": {"uv": [3, 10, 4, 16], "texture": "#0"},
				"west": {"uv": [2, 10, 3, 16], "texture": "#0"},
				"up": {"uv": [2, 10, 1, 8], "texture": "#0"},
				"down": {"uv": [3, 8, 2, 10], "texture": "#0"}
			}
		},
		{
			"from": [9, 0.1, 1],
			"to": [13, 12, 5],
			"rotation": {"angle": 0, "axis": "y", "origin": [17, 8, 9]},
			"faces": {
				"north": {"uv": [1, 10, 2, 16], "texture": "#0"},
				"east": {"uv": [0, 10, 1, 16], "texture": "#0"},
				"south": {"uv": [3, 10, 4, 16], "texture": "#0"},
				"west": {"uv": [2, 10, 3, 16], "texture": "#0"},
				"up": {"uv": [2, 10, 1, 8], "texture": "#0"},
				"down": {"uv": [3, 8, 2, 10], "texture": "#0"}
			}
		},
		{
			"from": [2.5, 5.5, 0.5],
			"to": [7.5, 12.5, 5.5],
			"rotation": {"angle": 0, "axis": "y", "origin": [10, 20, 8]},
			"faces": {
				"north": {"uv": [1, 10, 2, 13], "texture": "#1"},
				"east": {"uv": [0, 10, 1, 13], "texture": "#1"},
				"south": {"uv": [3, 10, 4, 13], "texture": "#1"},
				"west": {"uv": [2, 10, 3, 13], "texture": "#1"},
				"up": {"uv": [1, 8, 2, 10], "texture": "#1"},
				"down": {"uv": [2, 8, 3, 10], "texture": "#1"}
			}
		},
		{
			"from": [8.5, 5.5, 0.5],
			"to": [13.5, 12.5, 5.5],
			"rotation": {"angle": 0, "axis": "y", "origin": [16, 20, 8]},
			"faces": {
				"north": {"uv": [1, 10, 2, 13], "texture": "#1"},
				"east": {"uv": [0, 10, 1, 13], "texture": "#1"},
				"south": {"uv": [3, 10, 4, 13], "texture": "#1"},
				"west": {"uv": [2, 10, 3, 13], "texture": "#1"},
				"up": {"uv": [1, 8, 2, 10], "texture": "#1"},
				"down": {"uv": [2, 8, 3, 10], "texture": "#1"}
			}
		},
		{
			"from": [8.5, 5.5, 12.5],
			"to": [13.5, 12.5, 17.5],
			"rotation": {"angle": 0, "axis": "y", "origin": [16, 20, 20]},
			"faces": {
				"north": {"uv": [1, 10, 2, 13], "texture": "#1"},
				"east": {"uv": [0, 10, 1, 13], "texture": "#1"},
				"south": {"uv": [3, 10, 4, 13], "texture": "#1"},
				"west": {"uv": [2, 10, 3, 13], "texture": "#1"},
				"up": {"uv": [1, 8, 2, 10], "texture": "#1"},
				"down": {"uv": [2, 8, 3, 10], "texture": "#1"}
			}
		},
		{
			"from": [2.5, 5.5, 12.5],
			"to": [7.5, 12.5, 17.5],
			"rotation": {"angle": 0, "axis": "y", "origin": [10, 20, 20]},
			"faces": {
				"north": {"uv": [1, 10, 2, 13], "texture": "#1"},
				"east": {"uv": [0, 10, 1, 13], "texture": "#1"},
				"south": {"uv": [3, 10, 4, 13], "texture": "#1"},
				"west": {"uv": [2, 10, 3, 13], "texture": "#1"},
				"up": {"uv": [1, 8, 2, 10], "texture": "#1"},
				"down": {"uv": [2, 8, 3, 10], "texture": "#1"}
			}
		},
		{
			"from": [2, 10, -1.9],
			"to": [14, 19, 18],
			"rotation": {"angle": 0, "axis": "y", "origin": [10, 18, 6]},
			"faces": {
				"north": {"uv": [8.5, 4, 10.75, 7], "texture": "#1"},
				"east": {"uv": [10.75, 7, 12.25, 15], "rotation": 270, "texture": "#1"},
				"south": {"uv": [10.75, 4, 13, 7], "texture": "#1"},
				"west": {"uv": [7, 7, 8.5, 15], "rotation": 90, "texture": "#1"},
				"up": {"uv": [11.75, 7, 14, 15], "texture": "#1"},
				"down": {"uv": [8.5, 7, 10.75, 15], "texture": "#1"}
			}
		},
		{
			"from": [5, 16, -6],
			"to": [11, 22, 2],
			"rotation": {"angle": 22.5, "axis": "y", "origin": [8, 19, 1]},
			"faces": {
				"north": {"uv": [2, 4, 3.5, 7], "texture": "#0"},
				"east": {"uv": [0, 4, 2, 7], "texture": "#0"},
				"south": {"uv": [5.5, 4, 7, 7], "texture": "#0"},
				"west": {"uv": [3.5, 4, 5.5, 7], "texture": "#0"},
				"up": {"uv": [2, 0, 3.5, 4], "texture": "#0"},
				"down": {"uv": [3.5, 0, 5, 4], "texture": "#0"}
			}
		},
		{
			"from": [4.5, 15.5, -4.5],
			"to": [11.5, 22.5, 2.5],
			"rotation": {"angle": 22.5, "axis": "y", "origin": [8, 19, 1]},
			"faces": {
				"north": {"uv": [1.5, 3, 3, 6], "texture": "#1"},
				"east": {"uv": [0, 3, 1.5, 6], "texture": "#1"},
				"south": {"uv": [4.5, 3, 6, 6], "texture": "#1"},
				"west": {"uv": [3, 3, 4.5, 6], "texture": "#1"},
				"up": {"uv": [1.5, 0, 3, 3], "texture": "#1"},
				"down": {"uv": [3, 0, 4.5, 3], "texture": "#1"}
			}
		},
		{
			"from": [0, 0, -2],
			"to": [16, 2, 18],
			"rotation": {"angle": -22.5, "axis": "y", "origin": [8, 0, 8]},
			"faces": {
				"north": {"uv": [0, 6, 0.5, 14], "rotation": 270, "texture": "#2_0"},
				"east": {"uv": [5.5, 5, 10.5, 6], "texture": "#2_0"},
				"south": {"uv": [5.5, 6, 6, 14], "rotation": 90, "texture": "#2_0"},
				"west": {"uv": [0.5, 5, 5.5, 6], "texture": "#2_0"},
				"up": {"uv": [11, 14, 6, 6], "rotation": 90, "texture": "#2_0"},
				"down": {"uv": [5.5, 6, 0.5, 14], "rotation": 90, "texture": "#2_0"}
			}
		},
		{
			"from": [0, 10, -2],
			"to": [16, 12, 18],
			"rotation": {"angle": 0, "axis": "y", "origin": [8, 18, 8]},
			"faces": {
				"north": {"uv": [0, 6, 0.5, 14], "rotation": 270, "texture": "#2_0"},
				"east": {"uv": [5.5, 5, 10.5, 6], "texture": "#2_0"},
				"south": {"uv": [5.5, 6, 6, 14], "rotation": 90, "texture": "#2_0"},
				"west": {"uv": [0.5, 5, 5.5, 6], "texture": "#2_0"},
				"up": {"uv": [11, 14, 6, 6], "rotation": 90, "texture": "#2_0"},
				"down": {"uv": [5.5, 6, 0.5, 14], "rotation": 90, "texture": "#2_0"}
			}
		},
		{
			"from": [2, 1, 0],
			"to": [18, 9, 2],
			"rotation": {"angle": 22.5, "axis": "y", "origin": [8, 10, 8]},
			"faces": {
				"north": {"uv": [5, 1, 9, 5], "texture": "#2_0"},
				"east": {"uv": [4.5, 1, 5, 5], "texture": "#2_0"},
				"south": {"uv": [4.5, 1, 0.5, 5], "texture": "#2_0"},
				"west": {"uv": [0, 1, 0.5, 5], "texture": "#2_0"},
				"up": {"uv": [4.5, 1, 0.5, 0], "rotation": 180, "texture": "#2_0"},
				"down": {"uv": [0.5, 0, 4.5, 1], "texture": "#2_0"}
			}
		},
		{
			"from": [-2, 10, -3],
			"to": [14, 18, -1],
			"rotation": {"angle": 22.5, "axis": "z", "origin": [8, 20, 8]},
			"faces": {
				"north": {"uv": [5, 1, 9, 5], "texture": "#2_0"},
				"east": {"uv": [4.5, 1, 5, 5], "texture": "#2_0"},
				"south": {"uv": [4.5, 1, 0.5, 5], "texture": "#2_0"},
				"west": {"uv": [0, 1, 0.5, 5], "texture": "#2_0"},
				"up": {"uv": [4.5, 1, 0.5, 0], "rotation": 180, "texture": "#2_0"},
				"down": {"uv": [0.5, 0, 4.5, 1], "texture": "#2_0"}
			}
		},
		{
			"from": [-1, 2, 16],
			"to": [15, 10, 18],
			"rotation": {"angle": 0, "axis": "y", "origin": [8, 10, 8]},
			"faces": {
				"north": {"uv": [4.5, 1, 0.5, 5], "texture": "#2_0"},
				"east": {"uv": [0, 1, 0.5, 5], "texture": "#2_0"},
				"south": {"uv": [5, 1, 9, 5], "texture": "#2_0"},
				"west": {"uv": [4.5, 1, 5, 5], "texture": "#2_0"},
				"up": {"uv": [4.5, 1, 0.5, 0], "texture": "#2_0"},
				"down": {"uv": [0.5, 0, 4.5, 1], "rotation": 180, "texture": "#2_0"}
			}
		},
		{
			"from": [-0.6, 8, 13],
			"to": [15.4, 16, 15],
			"rotation": {"angle": -22.5, "axis": "x", "origin": [8, 20, 8]},
			"faces": {
				"north": {"uv": [4.5, 1, 0.5, 5], "texture": "#2_0"},
				"east": {"uv": [0, 1, 0.5, 5], "texture": "#2_0"},
				"south": {"uv": [5, 1, 9, 5], "texture": "#2_0"},
				"west": {"uv": [4.5, 1, 5, 5], "texture": "#2_0"},
				"up": {"uv": [4.5, 1, 0.5, 0], "texture": "#2_0"},
				"down": {"uv": [0.5, 0, 4.5, 1], "rotation": 180, "texture": "#2_0"}
			}
		},
		{
			"from": [0, 2, 0],
			"to": [2, 10, 16],
			"rotation": {"angle": 0, "axis": "y", "origin": [10, 10, 8]},
			"faces": {
				"north": {"uv": [4.5, 1, 5, 5], "texture": "#2_0"},
				"east": {"uv": [4.5, 1, 0.5, 5], "texture": "#2_0"},
				"south": {"uv": [0, 1, 0.5, 5], "texture": "#2_0"},
				"west": {"uv": [5, 1, 9, 5], "texture": "#2_0"},
				"up": {"uv": [4.5, 1, 0.5, 0], "rotation": 90, "texture": "#2_0"},
				"down": {"uv": [0.5, 0, 4.5, 1], "rotation": 90, "texture": "#2_0"}
			}
		},
		{
			"from": [-1, 11, 1],
			"to": [1, 19, 17],
			"rotation": {"angle": 0, "axis": "y", "origin": [10, 20, 8]},
			"faces": {
				"north": {"uv": [4.5, 1, 5, 5], "texture": "#2_0"},
				"east": {"uv": [4.5, 1, 0.5, 5], "texture": "#2_0"},
				"south": {"uv": [0, 1, 0.5, 5], "texture": "#2_0"},
				"west": {"uv": [5, 1, 9, 5], "texture": "#2_0"},
				"up": {"uv": [4.5, 1, 0.5, 0], "rotation": 90, "texture": "#2_0"},
				"down": {"uv": [0.5, 0, 4.5, 1], "rotation": 90, "texture": "#2_0"}
			}
		},
		{
			"from": [15, 2, 0],
			"to": [17, 10, 16],
			"rotation": {"angle": 0, "axis": "y", "origin": [6, 10, 8]},
			"faces": {
				"north": {"uv": [0, 1, 0.5, 5], "texture": "#2_0"},
				"east": {"uv": [5, 1, 9, 5], "texture": "#2_0"},
				"south": {"uv": [4.5, 1, 5, 5], "texture": "#2_0"},
				"west": {"uv": [4.5, 1, 0.5, 5], "texture": "#2_0"},
				"up": {"uv": [4.5, 1, 0.5, 0], "rotation": 270, "texture": "#2_0"},
				"down": {"uv": [0.5, 0, 4.5, 1], "rotation": 270, "texture": "#2_0"}
			}
		},
		{
			"from": [14, 12, -1],
			"to": [16, 20, 15],
			"rotation": {"angle": 0, "axis": "y", "origin": [6, 20, 8]},
			"faces": {
				"north": {"uv": [0, 1, 0.5, 5], "texture": "#2_0"},
				"east": {"uv": [5, 1, 9, 5], "texture": "#2_0"},
				"south": {"uv": [4.5, 1, 5, 5], "texture": "#2_0"},
				"west": {"uv": [4.5, 1, 0.5, 5], "texture": "#2_0"},
				"up": {"uv": [4.5, 1, 0.5, 0], "rotation": 270, "texture": "#2_0"},
				"down": {"uv": [0.5, 0, 4.5, 1], "rotation": 270, "texture": "#2_0"}
			}
		}
	],
	"display": {
		"gui": {
			"rotation": [19, 135, 0],
			"translation": [0, -0.75, 0],
			"scale": [0.5, 0.5, 0.5]
		},
		"head": {
			"translation": [0, -28.75, 0],
			"scale": [1.6, 1.6, 1.6]
		}
	},
	"groups": [0, 1, 2, 3, 4, 5, 6, 7, 8, 9,
		{
			"name": "head",
			"origin": [8, 8, 8],
			"children": [10, 11]
		},
		{
			"name": "damaged_minecart",
			"origin": [8, 8, 8],
			"children": [12, 13, 14, 15, 16, 17, 18, 19, 20, 21]
		}
	]
}