{
    "display": {
        "icon": {
            "item": "minecraft:pufferfish",
            "nbt": "{CustomModelData:271803}"
        },
        "title": "Faithful Companion",
        "frame": "challenge",
        "description": [
            "Bring a Pufferfish to the end of the fight"
        ],
        "show_toast": true,
        "announce_to_chat": true,
        "hidden": true
    },
    "parent": "sky:bossfight/you_missed_one",
    "criteria": {
        "impossible": {
            "trigger": "minecraft:impossible"
        }
    },
    "rewards": {
        "experience": 10
    }
}