{
    "display": {
        "icon": {
            "item": "minecraft:warped_fungus_on_a_stick",
            "nbt": "{CustomModelData:271801}"
        },
        "title": "Ticket to Nowhere",
        "frame": "task",
        "description": [
            "Craft the ",
            {
                "text": "Commander's Amulet",
                "color":"#00aced",
                "bold": true
            }
        ],
        "show_toast": true,
        "announce_to_chat": true,
        "hidden": false
    },
    "parent": "sky:bossfight/root",
    "criteria": {
        "unlock_recipe": {
            "trigger": "minecraft:recipe_unlocked",
            "conditions": {
                "recipe": "sky:commanders_amulet"
            }
        }
    }
}