{
    "condition": "alternative",
    "terms": [
        {
            "condition": "entity_properties",
            "entity": "this",
            "predicate": {
                "equipment": {
                    "mainhand": {
                        "items": [
                            "minecraft:warped_fungus_on_a_stick"
                        ],
                        "count": {
                            "min": 1
                        },
                        "nbt": "{sky.item.pufferfish_cannon:1b}"
                    }
                }
            }
        },
        {
            "condition": "entity_properties",
            "entity": "this",
            "predicate": {
                "equipment": {
                    "offhand": {
                        "items": [
                            "minecraft:warped_fungus_on_a_stick"
                        ],
                        "count": {
                            "min": 1
                        },
                        "nbt": "{sky.item.pufferfish_cannon:1b}"
                    }
                }
            }
        }
    ]
}