{
    "parent": "minecraft:block/white_wool",
	"overrides": [
      {
        "predicate": {
          "custom_model_data": 271801
        },
        "model": "sky:entity/skylinerw/body"
      },
	  {
        "predicate": {
          "custom_model_data": 271802
        },
        "model": "sky:entity/skylinerw/head"
      },
	  {
        "predicate": {
          "custom_model_data": 271803
        },
        "model": "sky:entity/dummy"
      },
	  {
        "predicate": {
          "custom_model_data": 271804
        },
        "model": "sky:entity/mega_skylinerw/head"
      },
	  {
        "predicate": {
          "custom_model_data": 271810
        },
        "model": "sky:entity/mega_skylinerw/body_00"
      },
	  {
        "predicate": {
          "custom_model_data": 271811
        },
        "model": "sky:entity/mega_skylinerw/body_10"
      },
	  {
        "predicate": {
          "custom_model_data": 271812
        },
        "model": "sky:entity/mega_skylinerw/body_20"
      },
	  {
        "predicate": {
          "custom_model_data": 271813
        },
        "model": "sky:entity/mega_skylinerw/body_01"
      },
	  {
        "predicate": {
          "custom_model_data": 271814
        },
        "model": "sky:entity/mega_skylinerw/body_11"
      },
	  {
        "predicate": {
          "custom_model_data": 271815
        },
        "model": "sky:entity/mega_skylinerw/body_21"
      },
	  {
        "predicate": {
          "custom_model_data": 271816
        },
        "model": "sky:entity/mega_skylinerw/body_02"
      },
	  {
        "predicate": {
          "custom_model_data": 271817
        },
        "model": "sky:entity/mega_skylinerw/body_12"
      },
	  {
        "predicate": {
          "custom_model_data": 271818
        },
        "model": "sky:entity/mega_skylinerw/body_22"
      },
	  {
        "predicate": {
          "custom_model_data": 271819
        },
        "model": "sky:entity/mega_skylinerw/body_03"
      },
	  {
        "predicate": {
          "custom_model_data": 271820
        },
        "model": "sky:entity/mega_skylinerw/body_13"
      },
	  {
        "predicate": {
          "custom_model_data": 271821
        },
        "model": "sky:entity/mega_skylinerw/body_23"
      },
	  {
        "predicate": {
          "custom_model_data": 271830
        },
        "model": "sky:entity/mega_skylinerw/leg_0"
      },
	  {
        "predicate": {
          "custom_model_data": 271831
        },
        "model": "sky:entity/mega_skylinerw/leg_1"
      },
	  
	  
	  
	  {
        "predicate": {
          "custom_model_data": 271841
        },
        "model": "sky:entity/pixelating_skylinerw/01"
      },
	  {
        "predicate": {
          "custom_model_data": 271842
        },
        "model": "sky:entity/pixelating_skylinerw/02"
      },
	  {
        "predicate": {
          "custom_model_data": 271843
        },
        "model": "sky:entity/pixelating_skylinerw/03"
      },
	  {
        "predicate": {
          "custom_model_data": 271844
        },
        "model": "sky:entity/pixelating_skylinerw/04"
      },
	  {
        "predicate": {
          "custom_model_data": 271845
        },
        "model": "sky:entity/pixelating_skylinerw/05"
      },
	  {
        "predicate": {
          "custom_model_data": 271846
        },
        "model": "sky:entity/pixelating_skylinerw/06"
      },
	  {
        "predicate": {
          "custom_model_data": 271847
        },
        "model": "sky:entity/pixelating_skylinerw/07"
      },
	  {
        "predicate": {
          "custom_model_data": 271848
        },
        "model": "sky:entity/pixelating_skylinerw/08"
      },
	  {
        "predicate": {
          "custom_model_data": 271849
        },
        "model": "sky:entity/pixelating_skylinerw/09"
      },
	  {
        "predicate": {
          "custom_model_data": 271850
        },
        "model": "sky:entity/pixelating_skylinerw/10"
      },
	  {
        "predicate": {
          "custom_model_data": 271851
        },
        "model": "sky:entity/pixelating_skylinerw/11"
      },
	  {
        "predicate": {
          "custom_model_data": 271852
        },
        "model": "sky:entity/pixelating_skylinerw/12"
      },
	  {
        "predicate": {
          "custom_model_data": 271853
        },
        "model": "sky:entity/pixelating_skylinerw/13"
      },
	  {
        "predicate": {
          "custom_model_data": 271854
        },
        "model": "sky:entity/pixelating_skylinerw/14"
      },
	  
	  
	  
	  {
        "predicate": {
          "custom_model_data": 271861
        },
        "model": "sky:entity/hurt_skylinerw/body"
      },
	  {
        "predicate": {
          "custom_model_data": 271862
        },
        "model": "sky:entity/hurt_skylinerw/head"
      },
	  {
        "predicate": {
          "custom_model_data": 271863
        },
        "model": "sky:entity/hurt_skylinerw/shades"
      },
	  
	  {
        "predicate": {
          "custom_model_data": 271897
        },
        "model": "sky:entity/hurt_skylinerw/icon"
      },
	  {
        "predicate": {
          "custom_model_data": 271898
        },
        "model": "sky:entity/dummy_icon"
      },
	  {
        "predicate": {
          "custom_model_data": 271899
        },
        "model": "sky:entity/skylinerw/icon"
      }
    ]
}