{
    "condition": "alternative",
    "terms": [
        {
            "condition": "entity_properties",
            "entity": "this",
            "predicate": {
                "equipment": {
                    "mainhand": {
                        "item": "minecraft:warped_fungus_on_a_stick",
                        "nbt": "{tank.item.shoot_bullet:1b}"
                    }
                }
            }
        },
        {
            "condition": "entity_properties",
            "entity": "this",
            "predicate": {
                "equipment": {
                    "offhand": {
                        "item": "minecraft:warped_fungus_on_a_stick",
                        "nbt": "{tank.item.shoot_bullet:1b}"
                    }
                }
            }
        }
    ]
}