{
	"credit": "Made with Blockbench",
	"textures": {
		"0": "minecraft:block/chain_command_block_back",
		"1": "minecraft:block/chain_command_block_front",
		"2": "minecraft:block/chain_command_block_side",
		"3": "sky:entity/command_block_laser",
		"particle": "minecraft:block/chain_command_block_back"
	},
	"elements": [
		{
			"from": [0, 0, 0],
			"to": [16, 16, 16],
			"faces": {
				"north": {"uv": [0, 0, 16, 16], "texture": "#1"},
				"east": {"uv": [0, 0, 16, 16], "rotation": 90, "texture": "#2"},
				"south": {"uv": [0, 0, 16, 16], "texture": "#0"},
				"west": {"uv": [0, 0, 16, 16], "rotation": 270, "texture": "#2"},
				"up": {"uv": [0, 0, 16, 16], "texture": "#2"},
				"down": {"uv": [0, 0, 16, 16], "rotation": 180, "texture": "#2"}
			}
		},
		{
			"from": [4, 4, -2],
			"to": [12, 12, 0],
			"rotation": {"angle": 0, "axis": "y", "origin": [13, 13, 7]},
			"faces": {
				"north": {"uv": [1, 1, 5, 5], "texture": "#3"},
				"east": {"uv": [0, 1, 1, 5], "texture": "#3"},
				"south": {"uv": [6, 1, 10, 5], "texture": "#3"},
				"west": {"uv": [5, 1, 6, 5], "texture": "#3"},
				"up": {"uv": [1, 0, 5, 1], "texture": "#3"},
				"down": {"uv": [5, 0, 9, 1], "texture": "#3"}
			}
		},
		{
			"from": [5, 5, -16],
			"to": [11, 11, -10],
			"rotation": {"angle": 0, "axis": "y", "origin": [13, 13, -5]},
			"faces": {
				"north": {"uv": [3, 11, 6, 14], "texture": "#3"},
				"east": {"uv": [0, 11, 3, 14], "texture": "#3"},
				"south": {"uv": [9, 11, 12, 14], "texture": "#3"},
				"west": {"uv": [6, 11, 9, 14], "texture": "#3"},
				"up": {"uv": [3, 8, 6, 11], "texture": "#3"},
				"down": {"uv": [6, 8, 9, 11], "texture": "#3"}
			}
		},
		{
			"from": [6, 6, -7],
			"to": [10, 10, -5],
			"rotation": {"angle": 0, "axis": "y", "origin": [13, 13, 2]},
			"faces": {
				"north": {"uv": [1, 6, 3, 8], "texture": "#3"},
				"east": {"uv": [0, 6, 1, 8], "texture": "#3"},
				"south": {"uv": [4, 6, 6, 8], "texture": "#3"},
				"west": {"uv": [3, 6, 4, 8], "texture": "#3"},
				"up": {"uv": [1, 5, 3, 6], "texture": "#3"},
				"down": {"uv": [3, 5, 5, 6], "texture": "#3"}
			}
		},
		{
			"from": [7, 7, -5],
			"to": [9, 9, -2],
			"rotation": {"angle": 0, "axis": "y", "origin": [13, 13, 3]},
			"faces": {
				"north": {"uv": [11.5, 1.5, 12.5, 2.5], "texture": "#3"},
				"east": {"uv": [10, 1.5, 11.5, 2.5], "texture": "#3"},
				"south": {"uv": [14, 1.5, 15, 2.5], "texture": "#3"},
				"west": {"uv": [12.5, 1.5, 14, 2.5], "texture": "#3"},
				"up": {"uv": [11.5, 0, 12.5, 1.5], "texture": "#3"},
				"down": {"uv": [12.5, 0, 13.5, 1.5], "texture": "#3"}
			}
		},
		{
			"from": [7, 7, -10],
			"to": [9, 9, -7],
			"rotation": {"angle": 0, "axis": "y", "origin": [13, 13, -3]},
			"faces": {
				"north": {"uv": [11.5, 4, 12.5, 5], "texture": "#3"},
				"east": {"uv": [10, 4, 11.5, 5], "texture": "#3"},
				"south": {"uv": [14, 4, 15, 5], "texture": "#3"},
				"west": {"uv": [12.5, 4, 14, 5], "texture": "#3"},
				"up": {"uv": [11.5, 2.5, 12.5, 4], "texture": "#3"},
				"down": {"uv": [12.5, 2.5, 13.5, 4], "texture": "#3"}
			}
		}
	],
	"display": {
		"head": {
			"translation": [0, -5.25, 0],
			"scale": [2, 2, 2]
		}
	}
}