{
    "parent": "minecraft:item/generated",
	"textures": {
		"layer0": "minecraft:item/red_dye"
	},
	"overrides": [
      {
        "predicate": {
          "custom_model_data": 314101
        },
        "model": "tank:entity/tank/red/hull"
      },
	  {
        "predicate": {
          "custom_model_data": 314102
        },
        "model": "tank:entity/tank/red/hull_ff"
      },
	  {
        "predicate": {
          "custom_model_data": 314103
        },
        "model": "tank:entity/tank/red/hull_fb"
      },
	  {
        "predicate": {
          "custom_model_data": 314104
        },
        "model": "tank:entity/tank/red/hull_bf"
      },
	  {
        "predicate": {
          "custom_model_data": 314105
        },
        "model": "tank:entity/tank/red/hull_bb"
      },
	  {
        "predicate": {
          "custom_model_data": 314106
        },
        "model": "tank:entity/tank/red/turret"
      },
	  {
        "predicate": {
          "custom_model_data": 314107
        },
        "model": "tank:entity/tank/red/barrel"
      }
    ]
}