{
	"credit": "Made with Blockbench",
	"textures": {
		"0": "sky:entity/laser",
		"particle": "sky:entity/laser"
	},
	"elements": [
		{
			"from": [6, 6, -8],
			"to": [10, 10, 24],
			"rotation": {"angle": 0, "axis": "y", "origin": [15, 15, 16]},
			"faces": {
				"north": {"uv": [0, 0, 16, 16], "texture": "#0"},
				"east": {"uv": [0, 0, 16, 2], "texture": "#0"},
				"south": {"uv": [0, 0, 16, 16], "texture": "#0"},
				"west": {"uv": [0, 0, 16, 2], "texture": "#0"},
				"up": {"uv": [0, 0, 2, 16], "texture": "#0"},
				"down": {"uv": [0, 0, 2, 16], "texture": "#0"}
			}
		}
	],
	"display": {
		"head": {
			"translation": [0, -5.25, 0],
			"scale": [2, 2, 2]
		}
	}
}