{
    "parent": "minecraft:item/generated",
    "textures": {
      "layer0": "minecraft:item/pufferfish"
    },
    "overrides": [
      {
        "predicate": {
          "custom_model_data": 271801
        },
        "model": "sky:entity/pufferfish"
      },
	  {
        "predicate": {
          "custom_model_data": 271802
        },
        "model": "sky:item/pufferfish_thinking"
      },
	  {
        "predicate": {
          "custom_model_data": 271803
        },
        "model": "sky:item/pufferfish_heart_eyes"
      }
    ]
}