{
    "display": {
        "icon": {
            "item": "minecraft:white_wool",
            "nbt": "{CustomModelData:271898}"
        },
        "title": "Deadeye",
        "frame": "task",
        "description": [
            "Make it through Phase 2 without hitting a Dummy"
        ],
        "show_toast": true,
        "announce_to_chat": true,
        "hidden": false
    },
    "parent": "sky:bossfight/let_the_battle_begin",
    "criteria": {
        "impossible": {
            "trigger": "minecraft:impossible"
        }
    }
}