{
    "display": {
        "icon": {
            "item": "minecraft:pufferfish"
        },
        "title": "Taste of Your Own Medicine",
        "frame": "task",
        "description": [
            "Hit ",
            {
                "text": "Skylinerw",
                "color":"#00aced",
                "bold": true
            },
            " with a Pufferfish"
        ],
        "show_toast": true,
        "announce_to_chat": true,
        "hidden": false
    },
    "parent": "sky:bossfight/let_the_battle_begin",
    "criteria": {
        "impossible": {
            "trigger": "minecraft:impossible"
        }
    }
}