{
    "display": {
        "icon": {
            "item": "minecraft:command_block",
            "nbt": "{CustomModelData:271801}"
        },
        "title": "You've Entered the 36th Chamber",
        "frame": "challenge",
        "description": [
            "Hit a Command Block Laser with a Spike or Pufferfish"
        ],
        "show_toast": true,
        "announce_to_chat": true,
        "hidden": true
    },
    "parent": "sky:bossfight/let_the_battle_begin",
    "criteria": {
        "impossible": {
            "trigger": "minecraft:impossible"
        }
    }
}