{
    "display": {
        "icon": {
            "item": "minecraft:iron_sword",
            "nbt": "{CustomModelData:271801}"
        },
        "title": "Trickshot",
        "frame": "goal",
        "description": [
            "Hit ",
            {
                "text": "Skylinerw",
                "color":"#00aced",
                "bold": true
            },
            " with a deflected Spike"
        ],
        "show_toast": true,
        "announce_to_chat": true,
        "hidden": false
    },
    "parent": "sky:bossfight/let_the_battle_begin",
    "criteria": {
        "impossible": {
            "trigger": "minecraft:impossible"
        }
    }
}