{
    "display": {
        "icon": {
            "item": "minecraft:pufferfish",
            "nbt": "{CustomModelData:271802}"
        },
        "title": "You Missed One",
        "frame": "task",
        "description": [
            "Bring a Pufferfish into Phase 3"
        ],
        "show_toast": true,
        "announce_to_chat": true,
        "hidden": true
    },
    "parent": "sky:bossfight/let_the_battle_begin",
    "criteria": {
        "impossible": {
            "trigger": "minecraft:impossible"
        }
    }
}