{
	"credit": "Made with Blockbench",
	"texture_size": [64, 32],
	"textures": {
		"1": "sky:entity/dummy"
	},
	"elements": [
		{
			"from": [2, 10, -2],
			"to": [14, 19, 18],
			"rotation": {"angle": 0, "axis": "y", "origin": [10, 18, 6]},
			"faces": {
				"north": {"uv": [5, 10, 8, 14.5], "texture": "#1"},
				"east": {"uv": [0, 10, 5, 14.5], "texture": "#1"},
				"south": {"uv": [13, 10, 16, 14.5], "texture": "#1"},
				"west": {"uv": [8, 10, 13, 14.5], "texture": "#1"},
				"up": {"uv": [8, 10, 5, 0], "texture": "#1"},
				"down": {"uv": [11, 0, 8, 10], "texture": "#1"}
			}
		},
		{
			"from": [4.5, 15.5, -6.5],
			"to": [11.5, 22.5, 2.5],
			"rotation": {"angle": 0, "axis": "y", "origin": [12, 23, 3]},
			"faces": {
				"north": {"uv": [2.25, 4.5, 4, 8], "texture": "#1"},
				"east": {"uv": [0, 4.5, 2.25, 8], "texture": "#1"},
				"south": {"uv": [14.25, 4.5, 16, 8], "texture": "#1"},
				"west": {"uv": [12, 4.5, 14.25, 8], "texture": "#1"},
				"up": {"uv": [4, 4.5, 2.25, 0], "texture": "#1"},
				"down": {"uv": [13.75, 0, 12, 4.5], "texture": "#1"}
			}
		}
	],
	"display": {
		"head": {
			"translation": [0, -28.5, 0],
			"scale": [1.55, 1.55, 1.55]
		}
	}
}